,Destination_Port,Flow_Duration,Total_Fwd_Packets,Total_Backward_Packets,Total_Length_of_Fwd_Packets,Total_Length_of_Bwd_Packets,Fwd_Packet_Length_Max,Fwd_Packet_Length_Min,Fwd_Packet_Length_Mean,Fwd_Packet_Length_Std,Bwd_Packet_Length_Max,Bwd_Packet_Length_Min,Bwd_Packet_Length_Mean,Bwd_Packet_Length_Std,Flow_Bytes_s,Flow_Packets_s,Flow_IAT_Mean,Flow_IAT_Std,Flow_IAT_Max,Flow_IAT_Min,Fwd_IAT_Total,Fwd_IAT_Mean,Fwd_IAT_Std,Fwd_IAT_Max,Fwd_IAT_Min,Bwd_IAT_Total,Bwd_IAT_Mean,Bwd_IAT_Std,Bwd_IAT_Max,Bwd_IAT_Min,Fwd_PSH_Flags,Bwd_PSH_Flags,Fwd_URG_Flags,Bwd_URG_Flags,Fwd_Header_Length,Bwd_Header_Length,Fwd_Packets_s,Bwd_Packets_s,Min_Packet_Length,Max_Packet_Length,Packet_Length_Mean,Packet_Length_Std,Packet_Length_Variance,FIN_Flag_Count,SYN_Flag_Count,RST_Flag_Count,PSH_Flag_Count,ACK_Flag_Count,URG_Flag_Count,CWE_Flag_Count,ECE_Flag_Count,Down_Up_Ratio,Average_Packet_Size,Avg_Fwd_Segment_Size,Avg_Bwd_Segment_Size,Fwd_Header_Length.1,Fwd_Avg_Bytes_Bulk,Fwd_Avg_Packets_Bulk,Fwd_Avg_Bulk_Rate,Bwd_Avg_Bytes_Bulk,Bwd_Avg_Packets_Bulk,Bwd_Avg_Bulk_Rate,Subflow_Fwd_Packets,Subflow_Fwd_Bytes,Subflow_Bwd_Packets,Subflow_Bwd_Bytes,Init_Win_bytes_forward,Init_Win_bytes_backward,act_data_pkt_fwd,min_seg_size_forward,Active_Mean,Active_Std,Active_Max,Active_Min,Idle_Mean,Idle_Std,Idle_Max,Idle_Min
Destination_Port,1.0,-0.1504410447353573,-0.004846748546880256,-0.004473924162309074,0.018773570902687445,-0.003544100505569203,0.1063929747339151,-0.046268174195453676,0.1493173488432931,0.1365121996131007,-0.19127648929182814,-0.2494842309787237,-0.2155269407894481,-0.17131424225185246,0.06582559714745805,0.23758902994285888,-0.09871629982649406,-0.11492146090293189,-0.11333089592662031,-0.022918587305806048,-0.15012232205138804,-0.09540799939002059,-0.09516075111000172,-0.11248012995210592,-0.05139236878079867,-0.10383415941437675,-0.06713511432893662,-0.03136556548446108,-0.04977464190096922,-0.050435170450758446,0.22110401246318098,,0.001376855242750213,,0.0010829218320910084,0.0010146857951110486,0.2237481786724233,0.13082252564297558,-0.24187592416442658,-0.1214793050566827,-0.14526699879962215,-0.11770349331411073,-0.06481112071679158,-0.037794734670111005,0.22110401246318098,-0.006901002598700664,-0.18110728812074933,0.5291838659204745,0.5062314165284525,0.001376855242750213,-0.006901002598700664,0.04035732518820537,-0.1466326083815211,0.1493173488432931,-0.2155269407894481,0.0010829218320910084,,,,,,,-0.004846748546880256,0.018773570902687445,-0.004473924162309074,-0.0035429787685790273,-0.11399749256140228,0.20858246955029608,-0.0035366904889981487,0.0013726555178283355,-0.04004001815723136,-0.04272614701044374,-0.054206569495221166,-0.026902999459125405,-0.11158988000066647,0.014968964428127852,-0.10669753195744949,-0.1141989872996183
Flow_Duration,-0.1504410447353573,1.0,0.021181448586052413,0.019501838932819857,0.09154904698127424,0.015859859257239036,0.2782235679664975,-0.10550147138807875,0.14631093852889454,0.23873410412694257,0.4964003619946584,-0.21928948222780126,0.4618755811498594,0.44519194742558393,-0.025708388785931627,-0.12213372701110616,0.5264739181134502,0.7400668828828568,0.7840636295046142,0.07097947948395428,0.9986602355164542,0.5499039029186259,0.7256125349853407,0.78376469055436,0.21461467298417108,0.8246563390762786,0.4177616544108196,0.524804923766795,0.5872061158344034,0.21596812688532244,-0.00886543546246636,,-0.003678515219659522,,-0.0053920643484943465,-0.005104126219738341,-0.11322536275462361,-0.07777377879470813,-0.22532641072210544,0.5136722395193719,0.4328094001492955,0.45945839883605194,0.28371326906178,0.19260477768896225,-0.00886543546246636,0.0099921689674914,0.16061181212266554,0.028310094272347736,-0.10029180367187762,-0.003678515219659522,0.0099921689674914,-0.15172440633387202,0.41109901103217994,0.14631093852889454,0.4618755811498594,-0.0053920643484943465,,,,,,,0.021181448586052413,0.09154904698127424,0.019501838932819857,0.015852849418234418,0.0975164167708376,-0.021805688848172272,0.01692545791370101,-0.0066068001959764455,0.19897158440552049,0.23515510483312882,0.2998250891285189,0.12522782642117491,0.7666080707243274,0.2422435192079087,0.7781883429251845,0.737099307392762
Total_Fwd_Packets,-0.004846748546880256,0.021181448586052413,1.0,0.9997961296747984,0.3410886564761421,0.9985491719631834,0.007441400829436007,-0.0034911035062901866,2.2605103257900492e-05,0.0015224892739360246,0.02550886868351826,-0.006795564898912438,0.024139133489719047,0.007347305399189297,0.00040398967388679543,-0.00301151220999077,-0.0012021433285108122,-0.0006259750647578684,0.0038492684036270245,-0.0006463207306657909,0.019893533412385048,-0.0012212325488575935,2.2155993880103496e-05,0.0021109966033568714,-0.001340747812570093,0.02441527185200961,-0.0007432796778182997,0.0007673680426463564,0.0056981852530885065,-0.0011450630125281482,-0.001460345837080409,,-9.437268163229734e-05,,0.05187488970483967,0.06778970328549254,-0.0027935695492994897,-0.0019100589521172072,-0.007190793930208472,0.024700536664780073,0.0279230104919355,0.013632678519295026,0.0058025743629366265,-0.001583974602874479,-0.001460345837080409,-4.134521786417712e-08,0.013684533017477527,-0.004635749272194159,-0.003998704830751845,-9.437268163229734e-05,-4.134521786417712e-08,0.0013177689756946119,0.025247708048009517,2.2605103257900492e-05,0.024139133489719047,0.05187488970483967,,,,,,,1.0,0.3410886564761421,0.9997961296747984,0.9985261035585637,0.005358451684205431,-0.0005363234054009026,0.7750156893320883,1.8106442478166145e-06,0.04839957553443844,0.0071731541316272735,0.034265879587964725,0.05207263543834204,0.0032749886561308224,0.0007552153702943427,0.0033269444503135335,0.0031478135330620786
Total_Backward_Packets,-0.004473924162309074,0.019501838932819857,0.9997961296747984,1.0,0.3342028240196464,0.9989752218601144,0.00710772468652703,-0.002982848890991097,-0.0004578570295259863,0.001023746105919232,0.025335401599490028,-0.0059067540902161125,0.024192251369723857,0.0069718029794873584,0.0003155521255442413,-0.003120214593923,-0.001604536664251561,-0.0012141364900096604,0.00327186192550535,-0.0006723417334429453,0.018158718565162445,-0.0014530283882029287,-0.0006347689945563293,0.0014722599881894385,-0.0011910718775987848,0.023359108745955176,-0.0009553177136733506,0.0004777012966931996,0.0057407278578300415,-0.0011039458860227906,-0.0017715174535814886,,-9.87516687457208e-05,,0.05186037894648637,0.06781128922912921,-0.002965733294869025,-0.0015360383961709973,-0.006446135181535944,0.02444090212652545,0.028258009143489828,0.013410704812111988,0.005831881589345516,-0.0014525910313887647,-0.0017715174535814886,-2.6460360367328884e-05,0.013040472563349842,-0.004909382692423205,-0.003239482522883177,-9.87516687457208e-05,-2.6460360367328884e-05,0.004159562566339415,0.025602033280704616,-0.0004578570295259863,0.024192251369723857,0.05186037894648637,,,,,,,0.9997961296747984,0.3342028240196464,1.0,0.9989516041405955,0.004703103800398043,-0.0005069631480337756,0.7685531485324444,5.5962739812853676e-06,0.04814965697087895,0.005418166293084114,0.032803583365482766,0.05293401861883494,0.002782850278224509,0.0005159930064836543,0.002809968910981287,0.002704805464663285
Total_Length_of_Fwd_Packets,0.018773570902687445,0.09154904698127424,0.3410886564761421,0.3342028240196464,1.0,0.3129470996790491,0.26005024275293454,-0.0016742107961282562,0.2505632602818244,0.2134469302953083,0.02686219610153693,-0.03551298194053204,0.022698396831876896,0.0123503439695584,0.004258987388096228,-0.01867196726757711,0.00566738829876069,0.020415957164152693,0.034886593241929234,-0.0040011429040212295,0.09069728242675602,0.008151622083017706,0.031750455688593165,0.0353705550320512,-0.0075531446586520725,0.10868953221562855,0.011085448800033393,0.04893030626255625,0.054223361605333774,-0.0059304110490740435,0.008440572434536296,,-0.0006315138771142658,,0.01789051101200726,0.02274280782753683,-0.01718626680208281,-0.012663273804097163,-0.03470467504015897,0.09655408243476953,0.11084469333150633,0.07646576173776203,0.04263372783533262,-0.008662241507942543,0.008440572434536296,0.004073391216353691,0.054962114623129714,-0.0032311167614313767,-0.00498098659140308,-0.0006315138771142658,0.004073391216353691,-0.017032939241274792,0.1040342424607029,0.2505632602818244,0.022698396831876896,0.01789051101200726,,,,,,,0.3410886564761422,1.0,0.3342028240196464,0.31288801709710584,0.04067502366716747,0.016726531701157774,0.43816371066793514,5.0546864105362236e-05,0.11011510293472693,0.10051905048963668,0.13116161358488135,0.07535779182030176,0.02948813462856257,0.03635930608381228,0.03386070946415051,0.024071237212207545
Total_Length_of_Bwd_Packets,-0.003544100505569203,0.015859859257239036,0.9985491719631834,0.9989752218601144,0.3129470996790491,1.0,0.004434904946822678,-0.002548581772735362,-0.0017218272334042254,-0.0006138133521988029,0.024567860743920467,-0.0048637816621101195,0.02312680119357334,0.006737533565141633,0.0005172081673458478,-0.002206144929261381,-0.0015846102690190659,-0.0013617315129817965,0.002466091990476633,-0.00047064523592139007,0.01464644220499698,-0.0015022164539928687,-0.0008761196897186666,0.0007971872229395388,-0.000980412829489452,0.018821217436083677,-0.0013092121779622954,-0.000537491854745448,0.004002139429389274,-0.0009540195857451529,-0.001575312587663129,,-6.875661722970744e-05,,0.05178965749802051,0.06775664976814062,-0.0020830584887731427,-0.0011723643979308384,-0.0052513998970058024,0.023384392275844677,0.02649895903554863,0.012587198953917194,0.006148342702409155,-0.0010061041089528388,-0.001575312587663129,-9.459663406892375e-05,0.010150554936490001,-0.0035272799107648185,-0.0026613768174859873,-6.875661722970744e-05,-9.459663406892375e-05,0.0036766722288160423,0.024086133299317386,-0.0017218272334042254,0.02312680119357334,0.05178965749802051,,,,,,,0.9985491719631834,0.3129470996790491,0.9989752218601144,0.9999997237549073,0.002556626173479212,-0.0006927362781419975,0.7463279463677038,2.5164514104008545e-05,0.04277544219218449,0.002902054631302351,0.027782346809220988,0.04789488359115119,0.002058945517746583,4.002566631042781e-05,0.0020240913637224757,0.0020669567920790772
Fwd_Packet_Length_Max,0.1063929747339151,0.2782235679664975,0.007441400829436007,0.00710772468652703,0.26005024275293454,0.004434904946822678,1.0,0.0061043786264805815,0.8910445525655913,0.9697515287724329,0.09934976976237626,-0.13152592084471518,0.08153554013050363,0.08010571237842465,0.042393721305595766,-0.06795213472998679,0.0710803849084947,0.16358591582149135,0.20743943044151442,-0.015027581045376676,0.274435650712859,0.08920351440519993,0.23156484852919168,0.21189685847892722,-0.026339048172343515,0.3042600455654093,0.07215131763625239,0.275910468434123,0.2652705394468923,-0.024654336841907803,0.01255945810411651,,-0.002451491676370098,,0.0011544035294551924,0.001267109107997919,-0.062212854753673455,-0.048150572196243094,-0.13381887172747822,0.3846180919089946,0.34609357300200994,0.35150458519313593,0.25420152941989727,-0.007078337773315632,0.01255945810411651,0.02238420496911959,0.20457004443946347,-0.02368404319273874,0.03004205956442349,-0.002451491676370098,0.02238420496911959,-0.04295017578472135,0.3378130902593292,0.8910445525655913,0.08153554013050363,0.0011544035294551924,,,,,,,0.007441400829436008,0.26005024275293454,0.007107724686527031,0.004430565202177458,0.15304374239849816,0.01807150660515856,0.005484995592433479,0.0007087407919765688,0.1391530087873385,0.09167799348838306,0.1523820051652717,0.12109602434666676,0.18595274439704954,0.19497784909748617,0.20639705256542168,0.15964274853911287
Fwd_Packet_Length_Min,-0.046268174195453676,-0.10550147138807875,-0.0034911035062901866,-0.002982848890991097,-0.0016742107961282562,-0.002548581772735362,0.0061043786264805815,1.0,0.25677283979289617,-0.07257425474818385,-0.12282359317033208,0.29599611583573365,-0.1032184310657543,-0.12430400489704285,0.03121200188239994,-0.05766616530982452,-0.01639554246261141,-0.05140262719541522,-0.07541198239705924,0.0026254695933427574,-0.1099776619826429,-0.010329731505516302,-0.09885510645502735,-0.08291269560616661,0.04156208736798917,-0.07364057072695408,0.016297065214229814,-0.048052822570650244,-0.0308567560658619,0.03904666533733104,0.09658743491047428,,-0.0026290853789288763,,-0.0017840606044977607,-0.0018087626253703482,-0.05667922946313329,-0.01690899169670156,0.4336678918699947,-0.10367506756793944,-0.04095096206151102,-0.09099567240719217,-0.08141736499440402,-0.053215755315215885,0.09658743491047428,-0.005163937637501132,-0.2024254236458671,-0.10887152465012946,0.015491249360275646,-0.0026290853789288763,-0.005163937637501132,0.29809609017696936,-0.02248320035800545,0.25677283979289617,-0.1032184310657543,-0.0017840606044977607,,,,,,,-0.0034911035062901857,-0.0016742107961282549,-0.002982848890991096,-0.0025477742267985292,-0.1457606790130541,-0.06718923005573221,-0.0023083969190765027,-0.0015795931852743985,-0.03632000029142699,-0.030058940656890118,-0.04343283991452824,-0.028436806759340676,-0.07120098095154749,-0.029919930982897993,-0.07332634665511105,-0.06734448088164771
Fwd_Packet_Length_Mean,0.1493173488432931,0.14631093852889454,2.2605103257900492e-05,-0.0004578570295259863,0.2505632602818244,-0.0017218272334042254,0.8910445525655913,0.25677283979289617,1.0,0.8945855344820517,0.010557625911575079,-0.02842499506126214,0.0015852816014289715,0.0066783330381645824,0.1014182592668581,-0.05722976699489086,0.05270143398624939,0.12433613176012741,0.1531562964320916,-0.011332092900205195,0.14262227668110805,0.07248259923134386,0.17413396944230236,0.15656544634963127,-0.00824744250651756,0.17914372327838657,0.0685891858549529,0.23952395700749568,0.2310734381839185,-0.005721937244353072,0.07037714743815915,,-0.002617705498335827,,0.00018455719088979859,0.00015364991869352165,-0.05208661724044519,-0.04251908727869192,0.003167506848727426,0.29186808282996485,0.311926330062762,0.2852667977432664,0.21063174992202424,-0.019296974722309176,0.07037714743815915,0.014296518866831634,0.07322391205658038,-0.005755674009652784,0.05659472354475986,-0.002617705498335827,0.014296518866831634,0.040106082515886834,0.31453565752621576,1.0,0.0015852816014289715,0.00018455719088979859,,,,,,,2.260510325790072e-05,0.2505632602818244,-0.00045785702952598646,-0.0017213436582494313,0.04103922449403051,-0.013477765578290581,0.0010085973774250708,0.00017066178478343386,0.09312016441829654,0.060364532849752496,0.09478603736042202,0.07786746390828451,0.13029815944637704,0.19327647828277214,0.15250143701311794,0.10463441215826733
Fwd_Packet_Length_Std,0.1365121996131007,0.23873410412694257,0.0015224892739360246,0.001023746105919232,0.2134469302953083,-0.0006138133521988029,0.9697515287724329,-0.07257425474818385,0.8945855344820517,1.0,0.09002692392577995,-0.14402432108331384,0.0722760230759006,0.08114868750401988,0.08298507630995677,-0.049541243441059216,0.073388807529489,0.1698636844324521,0.21064303157381548,-0.014130545545052695,0.2356962954474977,0.09347127674196319,0.24387683687899422,0.2163572737646253,-0.025786138706669043,0.2549463049849842,0.0695562765485146,0.27888776650742375,0.26253262363746976,-0.024420971474382464,0.023369571300609415,,-0.0020694836987036574,,0.000893724074554133,0.0008918065124435009,-0.04404506728005856,-0.04324099913471898,-0.15732320796720978,0.3781125950658577,0.3378295057179578,0.3595717027841906,0.2773321376320271,0.005682653050541369,0.023369571300609415,0.01829704037396113,0.180647955050309,0.008305530761776585,0.04422277864270851,-0.0020694836987036574,0.01829704037396113,-0.059425000514444486,0.3338381550090173,0.8945855344820517,0.0722760230759006,0.000893724074554133,,,,,,,0.0015224892739360248,0.2134469302953083,0.0010237461059192322,-0.0006137978069006579,0.12768890548155873,0.01594426913822048,0.0017257605252052632,0.000780679184726993,0.11060511173308508,0.07208737304501006,0.11918591082697025,0.09572972645866737,0.18705938692480817,0.20951098850432937,0.20940564395919148,0.1592846899058439
Bwd_Packet_Length_Max,-0.19127648929182814,0.4964003619946584,0.02550886868351826,0.025335401599490028,0.02686219610153693,0.024567860743920467,0.09934976976237626,-0.12282359317033208,0.010557625911575079,0.09002692392577995,1.0,-0.22153411843730933,0.9591678899513458,0.9827597346401823,-0.024767154711317463,-0.123634233932512,0.21411818976962338,0.486303031642478,0.5774173783253725,-0.02547583390598562,0.4928426697346159,0.2144678208675322,0.6002803504262604,0.5731058668934469,-0.04758485853691675,0.23237323814976943,0.051003898104177374,0.2954579010277938,0.25355169160251556,-0.04559731347218116,-0.08988483759108985,,-0.003745220098989413,,0.0027579373913459416,0.0031787755405881827,-0.11491977881942762,-0.07686340065040256,-0.250325276874136,0.9502014451642611,0.8804561228831842,0.9412306351990958,0.8553692493575127,0.22147157322104055,-0.08988483759108985,0.00485280035199237,0.23128976976453391,-0.02538208115077002,-0.14382867850829176,-0.003745220098989413,0.00485280035199237,-0.03426467588889189,0.8751520817282608,0.010557625911575075,0.9591678899513458,0.0027579373913459416,,,,,,,0.02550886868351826,0.02686219610153693,0.025335401599490028,0.02456676177244522,0.11293455344014298,-0.0529612693027767,0.013641100830410233,0.0013347959141215716,0.08274917406947838,0.03826917298784982,0.07980697901865501,0.08096596442350718,0.5772411716799674,0.1598328387797436,0.5807825500388035,0.5608403412276923
Bwd_Packet_Length_Min,-0.2494842309787237,-0.21928948222780126,-0.006795564898912438,-0.0059067540902161125,-0.03551298194053204,-0.0048637816621101195,-0.13152592084471518,0.29599611583573365,-0.02842499506126214,-0.14402432108331384,-0.22153411843730933,1.0,-0.1511874185007513,-0.23971108398633129,-0.02117929951943007,-0.15029376948649567,-0.08396640805609311,-0.13174538108336578,-0.17132903061582158,-0.02988774010988192,-0.21547979659890237,-0.05064213133526383,-0.1876258123017255,-0.16874222827502738,0.044762860791155885,-0.15692961205294717,0.006217876643051766,-0.12203043478202519,-0.0898738668543615,0.058864228977871476,-0.08962617063770172,,-0.005053273213591924,,-0.0007388966640233268,-0.0007967559225766092,-0.14654779259342054,-0.05131156568237368,0.7181318748891194,-0.2351061927341961,-0.16420565472932733,-0.2234976029089173,-0.17361001611242463,-0.1104141315303553,-0.08962617063770172,-0.009925424236650129,-0.3820327026595533,-0.376156904846652,-0.18507465839094078,-0.005053273213591924,-0.009925424236650129,0.2272832929537852,-0.13796894953167185,-0.028424995061262125,-0.1511874185007513,-0.0007388966640233268,,,,,,,-0.006795564898912437,-0.03551298194053204,-0.0059067540902161125,-0.004862243694274135,-0.2861199193688404,-0.13614686981275514,-0.004632232228461346,-0.0003391478873327758,-0.07256453318814117,-0.05718528890276566,-0.08474511970178404,-0.059073819618096365,-0.1587459020015422,-0.05449094296381918,-0.16170851543590067,-0.15207749495901593
Bwd_Packet_Length_Mean,-0.2155269407894481,0.4618755811498594,0.024139133489719047,0.024192251369723857,0.022698396831876896,0.02312680119357334,0.08153554013050363,-0.1032184310657543,0.0015852816014289715,0.0722760230759006,0.9591678899513458,-0.1511874185007513,1.0,0.941415966312565,-0.026943521140855516,-0.13845487892526478,0.2029123336856889,0.4790448581264535,0.5744708424956616,-0.02844955743245941,0.45864490211617825,0.2056690682095011,0.5900605103604349,0.5699431518206761,-0.04423084292068911,0.17127542893969605,0.03140568689870231,0.24312392442144795,0.21295584369848047,-0.04104901406190636,-0.09845511517078243,,-0.004232893328905191,,0.0027141649311573737,0.003131432060298634,-0.1292279458377754,-0.08280359597534509,-0.20218619648604264,0.9074957442704146,0.92121464421633,0.9210714904856737,0.7966499467843783,0.18941183876681608,-0.09845511517078243,0.005726971266349322,0.20860304402588165,-0.04281487871452748,-0.16162377688173618,-0.004232893328905191,0.005726971266349322,-0.007214532983720555,0.9152779346514267,0.0015852816014289709,1.0,0.0027141649311573737,,,,,,,0.02413913348971905,0.022698396831876893,0.024192251369723857,0.02312034502568539,0.10543854721386403,-0.065262808587359,0.015568921693532483,0.0013460615688271746,0.08473166382332613,0.032834863154495124,0.07598749812109303,0.08512808449381425,0.5739667531657564,0.15970867461470345,0.5775460520579582,0.5578809616117983
Bwd_Packet_Length_Std,-0.17131424225185246,0.44519194742558393,0.007347305399189297,0.0069718029794873584,0.0123503439695584,0.006737533565141633,0.08010571237842465,-0.12430400489704285,0.0066783330381645824,0.08114868750401988,0.9827597346401823,-0.23971108398633129,0.941415966312565,1.0,-0.022507132936901184,-0.1109697603082083,0.20918473388728484,0.46987395787638364,0.5509547207921699,-0.02290055923270131,0.44196219631283684,0.20563512817447827,0.5761476848875885,0.5468509709766426,-0.04452224067308842,0.1755739088586046,0.044063523535907485,0.26674951276173936,0.2200102053502422,-0.04300735956783658,-0.08265941921810567,,-0.0033456436185169453,,0.0017043717905221092,0.0018096525247234335,-0.10293057624551144,-0.07032733027065304,-0.2574665042839568,0.9345305579906488,0.850696138374405,0.943718007040744,0.8938305589546082,0.20764677240499763,-0.08265941921810567,0.004498154187443403,0.21800391003217465,0.0005058897269789932,-0.12853497305570175,-0.0033456436185169453,0.004498154187443403,-0.05032073875640759,0.8502690387354296,0.006678333038164584,0.941415966312565,0.0017043717905221092,,,,,,,0.007347305399189295,0.0123503439695584,0.0069718029794873584,0.0067360502480842376,0.09283063552544236,-0.048559481200800975,0.004271207833831279,0.001261681547065735,0.06336406010788107,0.01625840904362222,0.05225863443644025,0.06780853448683855,0.5483835516605398,0.1671420976784665,0.5537663884679916,0.5310191751366927
Flow_Bytes_s,0.06582559714745805,-0.025708388785931627,0.00040398967388679543,0.0003155521255442413,0.004258987388096228,0.0005172081673458478,0.042393721305595766,0.03121200188239994,0.1014182592668581,0.08298507630995677,-0.024767154711317463,-0.02117929951943007,-0.026943521140855516,-0.022507132936901184,1.0,0.22176267261017896,-0.016637933692411955,-0.021313118297760236,-0.022008045967194495,-0.0033524931859761835,-0.025249722487472977,-0.016161167218441057,-0.019866576758664718,-0.021626073128068905,-0.007055782835847716,-0.020163002011289368,-0.012032858010973334,-0.013850112719642869,-0.016009394758969706,-0.006875407242085496,0.17400544639923549,,-0.0004896292164187784,,0.00020180311743293224,0.0001988225576146042,0.22647760629040115,0.010820108488022971,0.012980242979933838,-0.0056982132840722064,0.0603341020307133,0.010600589066084312,-0.002404419392974846,-0.00480592030016503,0.17400544639923549,-0.0009500372178062558,-0.0353159907571223,0.05332410599453276,-0.01652810763278516,-0.0004896292164187784,-0.0009500372178062558,-0.044341817426344486,0.09260190111295895,0.10141825926685809,-0.026943521140855516,0.00020180311743293224,,,,,,,0.00040398967388679554,0.004258987388096228,0.0003155521255442414,0.0005174886070075553,-0.011516498010631883,-0.012813943960622918,0.00014703824353491548,0.00018482031931210005,-0.007851080413813556,-0.0059108697186552005,-0.008889279985519945,-0.006378496385343842,-0.020593388276391913,-0.006402874951194411,-0.02088527716923563,-0.019840020014851533
Flow_Packets_s,0.23758902994285888,-0.12213372701110616,-0.00301151220999077,-0.003120214593923,-0.01867196726757711,-0.002206144929261381,-0.06795213472998679,-0.05766616530982452,-0.05722976699489086,-0.049541243441059216,-0.123634233932512,-0.15029376948649567,-0.13845487892526478,-0.1109697603082083,0.22176267261017896,1.0,-0.07899001474468353,-0.10118931389696463,-0.10450813227141303,-0.015915142605325217,-0.11994845278309761,-0.07672446278282104,-0.09432119895785787,-0.10268500324785095,-0.03349492248831401,-0.09581640744076214,-0.0571261355176971,-0.06576228138834676,-0.07603513950749301,-0.03263869557823039,0.211659611398873,,0.014986340173391677,,0.0007000985438303962,0.0006275042696677579,0.9866658309772834,0.25245752893187623,-0.11870800049521012,-0.12518930746163048,-0.13364284968658735,-0.12199100865671614,-0.0802683822808406,0.08005381329163148,0.211659611398873,-0.004563186152469468,-0.10501532079484216,0.24744032386919138,-0.027015063101599797,0.014986340173391677,-0.004563186152469468,-0.19878681016834626,-0.1306212345328668,-0.05722976699489087,-0.1384548789252648,0.0007000985438303962,,,,,,,-0.00301151220999077,-0.01867196726757711,-0.003120214593923,-0.00220541164140248,-0.07182544954408913,-0.03819826530635852,-0.0022828232801127674,0.000879043389498391,-0.03748086516645738,-0.02807863977029646,-0.04233694746729392,-0.030512930306963528,-0.09778383356973791,-0.030400058107415626,-0.09916949669571357,-0.09420701744908327
Flow_IAT_Mean,-0.09871629982649406,0.5264739181134502,-0.0012021433285108122,-0.001604536664251561,0.00566738829876069,-0.0015846102690190659,0.0710803849084947,-0.01639554246261141,0.05270143398624939,0.073388807529489,0.21411818976962338,-0.08396640805609311,0.2029123336856889,0.20918473388728484,-0.016637933692411955,-0.07899001474468353,1.0,0.6770240208095185,0.6442209317289872,0.6729610747579365,0.5261038957389489,0.8947571921552638,0.4091833821322264,0.6423903226259474,0.7750955356989769,0.33949005503894636,0.6018563659174936,0.2593751032988141,0.46827131871690153,0.5405950066433715,0.0634004876429052,,-0.002379057050216998,,-0.0025484328720543695,-0.0025918324523446635,-0.07322823549540201,-0.05030200959040175,-0.035079477416341535,0.21970013949813294,0.17467343943315158,0.20268826026477374,0.1512742564249827,0.12198791461290377,0.0634004876429052,0.004933843540294884,-0.064343284405184,0.0920918313463953,0.005617951459073872,-0.002379057050216998,0.004933843540294884,-0.08371165201054451,0.1702389335827075,0.05270143398624939,0.2029123336856889,-0.0025484328720543695,,,,,,,-0.001202143328510812,0.005667388298760691,-0.001604536664251561,-0.0015841747895402258,0.026203916665252423,-0.025110651908052617,-0.000919864752272998,-0.0025033288971137513,0.0640072940219944,0.01954797778149859,0.049694246726712084,0.06470272171864075,0.58409617165818,0.13991528683514873,0.5862189745579007,0.5707345368322283
Flow_IAT_Std,-0.11492146090293189,0.7400668828828568,-0.0006259750647578684,-0.0012141364900096604,0.020415957164152693,-0.0013617315129817965,0.16358591582149135,-0.05140262719541522,0.12433613176012741,0.1698636844324521,0.486303031642478,-0.13174538108336578,0.4790448581264535,0.46987395787638364,-0.021313118297760236,-0.10118931389696463,0.6770240208095185,1.0,0.9379196550843316,-0.019536062241903223,0.7397059867699896,0.8184065336585757,0.8102477802944646,0.9358329414599454,0.502421881060755,0.4679225898974067,0.670642494616581,0.4984582237037794,0.6857397102481267,0.5380981458929711,-0.00809621540167372,,-0.0030476631997231256,,-0.004241581403277059,-0.004280821710517914,-0.09380805699654379,-0.06444002391144285,-0.1168732284385107,0.4989411138773003,0.4220655320666502,0.46807893756817304,0.3453952096995234,0.2703122869142557,-0.00809621540167372,0.010934642815499837,-0.081371261578422,0.10885336601922233,-0.08182698102485517,-0.0030476631997231256,0.010934642815499837,-0.08496032026416932,0.4119011603717915,0.12433613176012741,0.4790448581264535,-0.004241581403277059,,,,,,,-0.0006259750647578684,0.02041595716415269,-0.0012141364900096604,-0.0013614891548221705,-0.0580225788283186,-0.03917373481006874,-0.0005716159083729917,-0.0042488929470243485,0.09148459250858564,0.028121659910533763,0.06638930614227721,0.0906856738453132,0.9308308185669605,0.23605184716537525,0.9354406924122195,0.90824135516321
Flow_IAT_Max,-0.11333089592662031,0.7840636295046142,0.0038492684036270245,0.00327186192550535,0.034886593241929234,0.002466091990476633,0.20743943044151442,-0.07541198239705924,0.1531562964320916,0.21064303157381548,0.5774173783253725,-0.17132903061582158,0.5744708424956616,0.5509547207921699,-0.022008045967194495,-0.10450813227141303,0.6442209317289872,0.9379196550843316,1.0,0.10980847479559788,0.7839189938480283,0.6820117624146436,0.9168534724549883,0.9982583706678345,0.31280941603383877,0.44695193293070246,0.4603247859522218,0.560550605636983,0.655636589183244,0.3014713420584977,-0.0038703065247332556,,-0.0031476286344288675,,-0.005766104847490635,-0.005730673574203138,-0.09688495963555702,-0.06655245621755224,-0.16530532625335076,0.5947091947581614,0.5123506020992957,0.55608256452092,0.40278299674017726,0.3060181002033506,-0.0038703065247332556,0.014503154883292204,-0.07113776343977259,0.14581035444085302,-0.0670181101290277,-0.0031476286344288675,0.014503154883292204,-0.10972121667036534,0.4984806198953871,0.1531562964320916,0.5744708424956616,-0.005766104847490635,,,,,,,0.0038492684036270236,0.03488659324192923,0.003271861925505349,0.0024605948032954813,-0.034406864707744705,-0.05049373992579228,0.0017992549208517604,-0.0060289044925613535,0.1376649617253739,0.05101709703013067,0.10017095303718702,0.129782806040189,0.9780416644427268,0.2775473548803978,0.9874399099331415,0.950353512226927
Flow_IAT_Min,-0.022918587305806048,0.07097947948395428,-0.0006463207306657909,-0.0006723417334429453,-0.0040011429040212295,-0.00047064523592139007,-0.015027581045376676,0.0026254695933427574,-0.011332092900205195,-0.014130545545052695,-0.02547583390598562,-0.02988774010988192,-0.02844955743245941,-0.02290055923270131,-0.0033524931859761835,-0.015915142605325217,0.6729610747579365,-0.019536062241903223,0.10980847479559788,1.0,0.07157196876414766,0.32089008855446205,-0.018863687679070623,0.10969758121292558,0.36657148037154197,-0.01936903127982,-0.010730165350120972,-0.013494711007409482,-0.015121391737296963,-0.0056384819054514325,0.09126166095655798,,-0.0004793372600613162,,9.457437148107165e-05,7.757384409133536e-05,-0.014754386224897106,-0.010134115507667801,0.011094948292634632,-0.026151975344245845,-0.02800240899984271,-0.026564349915232596,-0.016887902748584496,-0.009796747305725525,0.09126166095655798,-0.0009415045972357368,-0.035164803915944544,0.07659387832472202,0.09364464181621758,-0.0004793372600613162,-0.0009415045972357368,-0.05441708620912605,-0.02730061431967121,-0.011332092900205194,-0.02844955743245941,9.457437148107165e-05,,,,,,,-0.0006463207306657909,-0.004001142904021231,-0.0006723417334429452,-0.00047049556942327825,0.08132708137322846,-0.013268828687666614,-0.0004932334281582026,0.0001320720797868744,-0.0012541876917670552,-0.005763918935165738,-0.0048456581306012105,0.0011225761057740526,0.03045706456209329,-0.0052992631371967264,0.02885780076661675,0.031597072075028695
Fwd_IAT_Total,-0.15012232205138804,0.9986602355164542,0.019893533412385048,0.018158718565162445,0.09069728242675602,0.01464644220499698,0.274435650712859,-0.1099776619826429,0.14262227668110805,0.2356962954474977,0.4928426697346159,-0.21547979659890237,0.45864490211617825,0.44196219631283684,-0.025249722487472977,-0.11994845278309761,0.5261038957389489,0.7397059867699896,0.7839189938480283,0.07157196876414766,1.0,0.5516761972672286,0.7275991324168852,0.7860717953992927,0.2158006096660611,0.8217727135957874,0.41739663478907196,0.5219483943799487,0.5850058678554251,0.2171211381026535,-0.008488890168454017,,-0.0036126888128046584,,-0.005497605360791629,-0.0052349573153531006,-0.1111993501961997,-0.07638301852957942,-0.22128054583590054,0.510092908029864,0.4285775447236302,0.4557905772361716,0.28201973118577633,0.19431646334312463,-0.008488890168454017,0.00833737856648903,0.15283102431425458,0.030359428167898505,-0.10222095978734388,-0.0036126888128046584,0.00833737856648903,-0.16427142283271481,0.4071337861749012,0.14262227668110802,0.45864490211617825,-0.005497605360791629,,,,,,,0.019893533412385048,0.09069728242675604,0.018158718565162445,0.01464313840205447,0.09326862128779975,-0.022529682025849266,0.016896278432150812,-0.006645045009117559,0.19318123557922084,0.2315452197783733,0.29493380362628674,0.12032709364461144,0.7669554999578563,0.2418556273519952,0.7784864075252781,0.7375016249126488
Fwd_IAT_Mean,-0.09540799939002059,0.5499039029186259,-0.0012212325488575935,-0.0014530283882029287,0.008151622083017706,-0.0015022164539928687,0.08920351440519993,-0.010329731505516302,0.07248259923134386,0.09347127674196319,0.2144678208675322,-0.05064213133526383,0.2056690682095011,0.20563512817447827,-0.016161167218441057,-0.07672446278282104,0.8947571921552638,0.8184065336585757,0.6820117624146436,0.32089008855446205,0.5516761972672286,1.0,0.420561609952808,0.6831125631908547,0.884235380637552,0.4285450677693634,0.8369744345921587,0.2982622622363581,0.619227368083817,0.7817271854606285,0.02502697194032169,,-0.0023108068777114967,,-0.002699931872071202,-0.002727844735839087,-0.07112767840059886,-0.04886087863513319,-0.0020788248648239463,0.22559358712696895,0.18852937918641605,0.20898994268148283,0.15309276231119645,0.1571173470796535,0.02502697194032169,0.0026381174721688723,-0.07669121045891023,0.032704069972963073,-0.03290860981344636,-0.0023108068777114967,0.0026381174721688723,-0.04153956513537726,0.18448066845727007,0.07248259923134386,0.20566906820950115,-0.002699931872071202,,,,,,,-0.0012212325488575935,0.008151622083017705,-0.0014530283882029287,-0.0015018083927426657,-0.024340344525716758,-0.031706920434777436,-0.0008944531281439356,-0.0026530604757595425,0.04454178737862842,0.012105275550698276,0.03506091083431851,0.04643834006399022,0.6570033864558358,0.12888679050061339,0.654945061918518,0.6461141138605733
Fwd_IAT_Std,-0.09516075111000172,0.7256125349853407,2.2155993880103496e-05,-0.0006347689945563293,0.031750455688593165,-0.0008761196897186666,0.23156484852919168,-0.09885510645502735,0.17413396944230236,0.24387683687899422,0.6002803504262604,-0.1876258123017255,0.5900605103604349,0.5761476848875885,-0.019866576758664718,-0.09432119895785787,0.4091833821322264,0.8102477802944646,0.9168534724549883,-0.018863687679070623,0.7275991324168852,0.420561609952808,1.0,0.9189505894152245,-0.03535048751371966,0.39463119445684997,0.21342846686706476,0.6435253501188076,0.5625544886912464,-0.0006945116639540595,-0.016874403902655016,,-0.0028407998141592424,,-0.0051037985076630345,-0.005132563501656382,-0.08744084456018521,-0.060066794302375846,-0.20185917803204442,0.6258960091170298,0.5357966727112581,0.5901227135372871,0.4345704659815322,0.37630500749406953,-0.016874403902655016,0.011775719440605696,-0.06637949759363351,0.14764739817169759,-0.06842869500006855,-0.0028407998141592424,0.011775719440605696,-0.12514448424472044,0.5226900293658869,0.17413396944230236,0.5900605103604349,-0.0051037985076630345,,,,,,,2.2155993880103587e-05,0.031750455688593165,-0.0006347689945563292,-0.0008760183233111025,-0.04774098369100872,-0.034834387934963205,-0.0001491295891992892,-0.005155218962400358,0.09824880106140664,0.030810502187498014,0.07176344090369435,0.09714675581641671,0.9043974922717796,0.27945319179321776,0.9154733331791435,0.8755372257663493
Fwd_IAT_Max,-0.11248012995210592,0.78376469055436,0.0021109966033568714,0.0014722599881894385,0.0353705550320512,0.0007971872229395388,0.21189685847892722,-0.08291269560616661,0.15656544634963127,0.2163572737646253,0.5731058668934469,-0.16874222827502738,0.5699431518206761,0.5468509709766426,-0.021626073128068905,-0.10268500324785095,0.6423903226259474,0.9358329414599454,0.9982583706678345,0.10969758121292558,0.7860717953992927,0.6831125631908547,0.9189505894152245,1.0,0.3127914816120189,0.44728687905338826,0.4596003869674337,0.558994802203528,0.6543936275523953,0.30128855880923094,-0.004059272614572162,,-0.0030927076601736238,,-0.005861904675068471,-0.005859005184733815,-0.09519464697124562,-0.06539249543304389,-0.16262452229341331,0.5928683693874273,0.508607264345445,0.5535957154655727,0.40139992704835836,0.3059198873452617,-0.004059272614572162,0.013299247289415127,-0.07516586880545643,0.14630764434542728,-0.06867183084149224,-0.0030927076601736238,0.013299247289415127,-0.1243140192176153,0.4948329063887499,0.15656544634963127,0.5699431518206761,-0.005861904675068471,,,,,,,0.0021109966033568714,0.0353705550320512,0.0014722599881894381,0.0007967258998922247,-0.03648956201513507,-0.051043432796348744,0.001778926745828329,-0.0060344674802382025,0.13355345115889683,0.04998820606808424,0.09769111512310909,0.12571222044482064,0.976177328597389,0.2835613638136174,0.9864181217280497,0.947627448705323
Fwd_IAT_Min,-0.05139236878079867,0.21461467298417108,-0.001340747812570093,-0.0011910718775987848,-0.0075531446586520725,-0.000980412829489452,-0.026339048172343515,0.04156208736798917,-0.00824744250651756,-0.025786138706669043,-0.04758485853691675,0.044762860791155885,-0.04423084292068911,-0.04452224067308842,-0.007055782835847716,-0.03349492248831401,0.7750955356989769,0.502421881060755,0.31280941603383877,0.36657148037154197,0.2158006096660611,0.884235380637552,-0.03535048751371966,0.3127914816120189,1.0,0.22032868978661696,0.7989306854125658,-0.02002696269760419,0.38988569744303797,0.8664840335890029,0.03527335023408987,,-0.0010088028132446457,,-0.00043325719407116185,-0.0004472935627930402,-0.0310515562031005,-0.02133093217250184,0.1057637939720877,-0.0497823822908305,-0.04337272509180361,-0.050037973865646505,-0.03535190238583675,-0.023492875968394195,0.03527335023408987,-0.001976174923945767,-0.07628857665673308,-0.01770780599928548,0.002358213046834062,-0.0010088028132446457,-0.001976174923945767,0.021147310217845293,-0.0412674275419198,-0.008247442506517561,-0.04423084292068911,-0.00043325719407116185,,,,,,,-0.001340747812570093,-0.007553144658652071,-0.0011910718775987848,-0.000980101947619994,-0.015709335542485138,-0.026454072320621302,-0.0009170592599243515,-0.00035622834262173984,-0.0029014141032351385,-0.011600873894150206,-0.01015920561124723,0.0017812860876752568,0.292550831418581,-0.002773592511111231,0.28337618791560854,0.2963761293980979
Bwd_IAT_Total,-0.10383415941437675,0.8246563390762786,0.02441527185200961,0.023359108745955176,0.10868953221562855,0.018821217436083677,0.3042600455654093,-0.07364057072695408,0.17914372327838657,0.2549463049849842,0.23237323814976943,-0.15692961205294717,0.17127542893969605,0.1755739088586046,-0.020163002011289368,-0.09581640744076214,0.33949005503894636,0.4679225898974067,0.44695193293070246,-0.01936903127982,0.8217727135957874,0.4285450677693634,0.39463119445684997,0.44728687905338826,0.22032868978661696,1.0,0.515058395739789,0.6452858747035563,0.7233814487569299,0.26872342366587704,0.004865350978201853,,-0.0028858830772992596,,-0.006852689226111911,-0.006470102866547982,-0.08882783975142257,-0.061013729060509975,-0.16179141588009072,0.2707222155335104,0.22931624341585743,0.22595595475713875,0.09620174357899271,0.22504067911354114,0.004865350978201853,-0.0020136166911868983,0.24897233208391514,-0.14837967727530268,-0.07584068664990146,-0.0028858830772992596,-0.0020136166911868983,-0.04530857618787294,0.21023834941225422,0.17914372327838657,0.17127542893969605,-0.006852689226111911,,,,,,,0.024415271852009614,0.10868953221562855,0.023359108745955176,0.01881301347927597,0.1342642861036441,-0.005800518258028108,0.020108243003221095,-0.008247006638923002,0.15839254065439026,0.26154923416784,0.29693542876068374,0.07402140132837295,0.44983074956121577,0.1264596092506168,0.45522035822631896,0.4322115054169746
Bwd_IAT_Mean,-0.06713511432893662,0.4177616544108196,-0.0007432796778182997,-0.0009553177136733506,0.011085448800033393,-0.0013092121779622954,0.07215131763625239,0.016297065214229814,0.0685891858549529,0.0695562765485146,0.051003898104177374,0.006217876643051766,0.03140568689870231,0.044063523535907485,-0.012032858010973334,-0.0571261355176971,0.6018563659174936,0.670642494616581,0.4603247859522218,-0.010730165350120972,0.41739663478907196,0.8369744345921587,0.21342846686706476,0.4596003869674337,0.7989306854125658,0.515058395739789,1.0,0.338470796869119,0.7081365892100683,0.9290891163062002,0.04421453887103266,,-0.0017205442803964151,,-0.003168960392082747,-0.0031870138852288232,-0.05295901543222652,-0.036379753779006894,0.0412413904370335,0.06568909374789876,0.05072735392749635,0.0562675576436058,0.03371974946463157,0.1242273707179842,0.04421453887103266,-0.0021867776686202494,-0.022239923348250985,-0.0740647313167569,-0.05059903630360494,-0.0017205442803964151,-0.0021867776686202494,0.02147565077613553,0.04870012507511004,0.0685891858549529,0.031405686898702316,-0.003168960392082747,,,,,,,-0.0007432796778182997,0.011085448800033393,-0.0009553177136733506,-0.001308830767032439,-0.021367783442410755,-0.028622660483204367,-0.00031109428203627854,-0.003143419600951471,0.05180755718363133,0.0738979493746187,0.06319331930204965,0.021940790260358303,0.4649656211422206,0.09081221858765212,0.46620366762881615,0.45702650207663853
Bwd_IAT_Std,-0.03136556548446108,0.524804923766795,0.0007673680426463564,0.0004777012966931996,0.04893030626255625,-0.000537491854745448,0.275910468434123,-0.048052822570650244,0.23952395700749568,0.27888776650742375,0.2954579010277938,-0.12203043478202519,0.24312392442144795,0.26674951276173936,-0.013850112719642869,-0.06576228138834676,0.2593751032988141,0.4984582237037794,0.560550605636983,-0.013494711007409482,0.5219483943799487,0.2982622622363581,0.6435253501188076,0.558994802203528,-0.02002696269760419,0.6452858747035563,0.338470796869119,1.0,0.8557950649694219,-0.00772934004639773,-0.0065295246683226855,,-0.001980656407340362,,-0.008552676722847406,-0.00853108509669051,-0.06096528440792978,-0.04187894467682781,-0.12926272497527164,0.35093447110561354,0.30272375248998346,0.3271350205546594,0.225415862593006,0.4943994308189602,-0.0065295246683226855,-0.0008694179197420458,0.03659520043241954,-0.08877840654823507,-0.02145889432020599,-0.001980656407340362,-0.0008694179197420458,0.02722393563138217,0.2930527108862643,0.23952395700749568,0.24312392442144795,-0.008552676722847406,,,,,,,0.0007673680426463564,0.04893030626255625,0.0004777012966931994,-0.0005375206398114807,0.010398438168171474,-0.030251783347548186,0.0009258133411348026,-0.008636140999799985,0.09324082577909582,0.09067002113841242,0.09821216485444327,0.06238023205674572,0.5587098379755057,0.16917717172472327,0.5669683164587552,0.5407378921306676
Bwd_IAT_Max,-0.04977464190096922,0.5872061158344034,0.0056981852530885065,0.0057407278578300415,0.054223361605333774,0.004002139429389274,0.2652705394468923,-0.0308567560658619,0.2310734381839185,0.26253262363746976,0.25355169160251556,-0.0898738668543615,0.21295584369848047,0.2200102053502422,-0.016009394758969706,-0.07603513950749301,0.46827131871690153,0.6857397102481267,0.655636589183244,-0.015121391737296963,0.5850058678554251,0.619227368083817,0.5625544886912464,0.6543936275523953,0.38988569744303797,0.7233814487569299,0.7081365892100683,0.8557950649694219,1.0,0.4598532829619282,0.01902780185009032,,-0.0022900700445306643,,-0.008989183199867431,-0.008865846882230462,-0.07048898575132206,-0.04841976016524202,-0.07888105270106249,0.3080534371992453,0.2749467306748793,0.2819439922636785,0.1857104854527825,0.4306614548925499,0.01902780185009032,-0.001045868822718214,0.01623676757777313,-0.09829737960164771,-0.032788823753390435,-0.0022900700445306643,-0.001045868822718214,0.04711347079717056,0.2647267783411756,0.2310734381839185,0.21295584369848047,-0.008989183199867431,,,,,,,0.0056981852530885065,0.054223361605333774,0.005740727857830042,0.003994312796759461,-0.004422500459927132,-0.038082537146245675,0.003314613518224869,-0.00934057255297057,0.13218257492928803,0.10302768878807826,0.12205525734807972,0.09844125721139782,0.655879285307146,0.1811403768919992,0.6631975000652698,0.637531605592284
Bwd_IAT_Min,-0.050435170450758446,0.21596812688532244,-0.0011450630125281482,-0.0011039458860227906,-0.0059304110490740435,-0.0009540195857451529,-0.024654336841907803,0.03904666533733104,-0.005721937244353072,-0.024420971474382464,-0.04559731347218116,0.058864228977871476,-0.04104901406190636,-0.04300735956783658,-0.006875407242085496,-0.03263869557823039,0.5405950066433715,0.5380981458929711,0.3014713420584977,-0.0056384819054514325,0.2171211381026535,0.7817271854606285,-0.0006945116639540595,0.30128855880923094,0.8664840335890029,0.26872342366587704,0.9290891163062002,-0.00772934004639773,0.4598532829619282,1.0,0.049253980550119744,,-0.0009830212196737548,,-0.0004611496513492749,-0.00047978068637785973,-0.030257804397509632,-0.020785555353271635,0.09957995644782852,-0.04786626774488493,-0.03991167057155926,-0.047808153053532025,-0.03440617686234049,-0.021978205680626566,0.049253980550119744,-0.0019287416883618635,-0.06644965347606185,-0.037515482700079775,-0.038008699837625864,-0.0009830212196737548,-0.0019287416883618635,0.030646508093699308,-0.03829819846408902,-0.005721937244353074,-0.041049014061906364,-0.0004611496513492749,,,,,,,-0.0011450630125281482,-0.0059304110490740435,-0.0011039458860227906,-0.000953717194132694,-0.04367472151768212,-0.021659426448638195,-0.0007152908514324793,-0.0003967897871489495,0.01943835758595606,0.028116353522761862,0.014856892249453675,0.004812699867910301,0.30759730223888865,0.03534768192464471,0.30517774798304537,0.306298294068423
Fwd_PSH_Flags,0.22110401246318098,-0.00886543546246636,-0.001460345837080409,-0.0017715174535814886,0.008440572434536296,-0.001575312587663129,0.01255945810411651,0.09658743491047428,0.07037714743815915,0.023369571300609415,-0.08988483759108985,-0.08962617063770172,-0.09845511517078243,-0.08265941921810567,0.17400544639923549,0.211659611398873,0.0634004876429052,-0.00809621540167372,-0.0038703065247332556,0.09126166095655798,-0.008488890168454017,0.02502697194032169,-0.016874403902655016,-0.004059272614572162,0.03527335023408987,0.004865350978201853,0.04421453887103266,-0.0065295246683226855,0.01902780185009032,0.049253980550119744,1.0,,0.03829981016206259,,0.0006084115774254561,0.0005538143586106584,0.22118270575186794,-0.02035339406520597,-0.0939587418095545,-0.0722993842239012,-0.05842824461159486,-0.06538431290290747,-0.052339796103731746,-0.04259802850836882,1.0,-0.003590113007464011,-0.14292293193891825,0.32251907001116764,-0.0057157367217070395,0.03829981016206259,-0.003590113007464011,-0.15091886736614055,-0.05149494420834952,0.07037714743815916,-0.09845511517078244,0.0006084115774254561,,,,,,,-0.0014603458370804087,0.008440572434536296,-0.0017715174535814886,-0.0015748313817494333,-0.04064553144065566,-0.04113295850295533,-0.0009841552070869496,0.0006909718857051735,0.004547924638142559,0.013838036780143484,0.00599114717774029,-0.004844278457742244,-0.023931339234759513,0.024120454117997386,-0.019541194089863583,-0.027506270604133343
Bwd_PSH_Flags,,,,,,,,,,,,,,,,,,,,,,,,,,,,,,,,,,,,,,,,,,,,,,,,,,,,,,,,,,,,,,,,,,,,,,,,,,,,,,
Fwd_URG_Flags,0.001376855242750213,-0.003678515219659522,-9.437268163229734e-05,-9.87516687457208e-05,-0.0006315138771142658,-6.875661722970744e-05,-0.002451491676370098,-0.0026290853789288763,-0.002617705498335827,-0.0020694836987036574,-0.003745220098989413,-0.005053273213591924,-0.004232893328905191,-0.0033456436185169453,-0.0004896292164187784,0.014986340173391677,-0.002379057050216998,-0.0030476631997231256,-0.0031476286344288675,-0.0004793372600613162,-0.0036126888128046584,-0.0023108068777114967,-0.0028407998141592424,-0.0030927076601736238,-0.0010088028132446457,-0.0028858830772992596,-0.0017205442803964151,-0.001980656407340362,-0.0022900700445306643,-0.0009830212196737548,0.03829981016206259,,1.0,,2.171414335523802e-05,1.854182426278237e-05,0.015668683548172073,-0.0014802412668633912,-0.005420437966431426,-0.003923273705619314,-0.004706977948967139,-0.003908649856872692,-0.0024673420280075247,-0.0016314964051486977,0.03829981016206259,-0.00013750064664622486,0.004933732798302528,-0.00565461550717938,0.025816683611834028,1.0,-0.00013750064664622486,-0.008621956074877061,-0.00483807637832459,-0.0026177054983358276,-0.004232893328905191,2.171414335523802e-05,,,,,,,-9.437268163229734e-05,-0.0006315138771142658,-9.87516687457208e-05,-6.873474917934894e-05,0.012292056075300156,-0.001987521147944201,-8.070034914103887e-05,2.689618435861316e-05,-0.0011289794532642584,-0.0008456945074614364,-0.0012751971378217196,-0.0009191283608234467,-0.002945091502607876,-0.0009155992974716115,-0.002986825304863268,-0.002837363739913571
Bwd_URG_Flags,,,,,,,,,,,,,,,,,,,,,,,,,,,,,,,,,,,,,,,,,,,,,,,,,,,,,,,,,,,,,,,,,,,,,,,,,,,,,,
Fwd_Header_Length,0.0010829218320910084,-0.0053920643484943465,0.05187488970483967,0.05186037894648637,0.01789051101200726,0.05178965749802051,0.0011544035294551924,-0.0017840606044977607,0.00018455719088979859,0.000893724074554133,0.0027579373913459416,-0.0007388966640233268,0.0027141649311573737,0.0017043717905221092,0.00020180311743293224,0.0007000985438303962,-0.0025484328720543695,-0.004241581403277059,-0.005766104847490635,9.457437148107165e-05,-0.005497605360791629,-0.002699931872071202,-0.0051037985076630345,-0.005861904675068471,-0.00043325719407116185,-0.006852689226111911,-0.003168960392082747,-0.008552676722847406,-0.008989183199867431,-0.0004611496513492749,0.0006084115774254561,,2.171414335523802e-05,,1.0,0.9998706961365001,0.0006494251651048359,0.00044318332064287536,-0.004383954521340959,0.002783532900285917,0.0028515563806834725,0.0022614267442545044,0.0012622509724933154,0.0005255233818120764,0.0006084115774254561,5.016591178327456e-05,0.002887459722994471,0.0018600468355536592,0.0007843727495155235,2.171414335523802e-05,5.016591178327456e-05,-0.0014617592590843694,0.0027653939485601385,0.00018455719088979856,0.0027141649311573732,1.0,,,,,,,0.05187488970483967,0.01789051101200726,0.05186037894648637,0.051788243808074175,0.001973950553090884,0.0007142080699596174,0.04055596445401692,0.9986531093152154,-0.02875909087601654,-0.042850321850816504,-0.02927986988576806,-0.009218903187219454,-0.0035296509790341984,-0.018672697218190207,-0.005893172424717141,-0.0009997177039937403
Bwd_Header_Length,0.0010146857951110486,-0.005104126219738341,0.06778970328549254,0.06781128922912921,0.02274280782753683,0.06775664976814062,0.001267109107997919,-0.0018087626253703482,0.00015364991869352165,0.0008918065124435009,0.0031787755405881827,-0.0007967559225766092,0.003131432060298634,0.0018096525247234335,0.0001988225576146042,0.0006275042696677579,-0.0025918324523446635,-0.004280821710517914,-0.005730673574203138,7.757384409133536e-05,-0.0052349573153531006,-0.002727844735839087,-0.005132563501656382,-0.005859005184733815,-0.0004472935627930402,-0.006470102866547982,-0.0031870138852288232,-0.00853108509669051,-0.008865846882230462,-0.00047978068637785973,0.0005538143586106584,,1.854182426278237e-05,,0.9998706961365001,1.0,0.0005763012067520228,0.00043313360255390406,-0.004458319047101996,0.0031840724619319268,0.003363585374028939,0.0024836538643636563,0.0013629453804343634,0.0005260947297505834,0.0005538143586106584,4.942197904649855e-05,0.0030805349561182777,0.0017418065030751064,0.0007662972470201762,1.854182426278236e-05,4.942197904649855e-05,-0.0012136043464072693,0.0032324272416031723,0.00015364991869352154,0.003131432060298634,0.9998706961365005,,,,,,,0.06778970328549254,0.02274280782753683,0.06781128922912921,0.06775503536385125,0.0020296383871996728,0.0007066253342615365,0.052077936772548204,0.9976981666271902,-0.02791178439772499,-0.0427262235466248,-0.028695822000685267,-0.008302009730980124,-0.003498260960966612,-0.018655641067280054,-0.005859828098285177,-0.0009704430568492763
Fwd_Packets_s,0.2237481786724233,-0.11322536275462361,-0.0027935695492994897,-0.002965733294869025,-0.01718626680208281,-0.0020830584887731427,-0.062212854753673455,-0.05667922946313329,-0.05208661724044519,-0.04404506728005856,-0.11491977881942762,-0.14654779259342054,-0.1292279458377754,-0.10293057624551144,0.22647760629040115,0.9866658309772834,-0.07322823549540201,-0.09380805699654379,-0.09688495963555702,-0.014754386224897106,-0.1111993501961997,-0.07112767840059886,-0.08744084456018521,-0.09519464697124562,-0.0310515562031005,-0.08882783975142257,-0.05295901543222652,-0.06096528440792978,-0.07048898575132206,-0.030257804397509632,0.22118270575186794,,0.015668683548172073,,0.0006494251651048359,0.0005763012067520228,1.0,0.09746889901030925,-0.11423777769417082,-0.11596429952900655,-0.12322713828017699,-0.11277966812480096,-0.07432409588249518,0.08184979837975888,0.22118270575186788,-0.004231182573582974,-0.10873858988559637,0.2435850725277029,-0.05027769887481262,0.015668683548172073,-0.004231182573582974,-0.22348121953056635,-0.12000168335772048,-0.05208661724044521,-0.1292279458377754,0.000649425165104836,,,,,,,-0.0027935695492994897,-0.01718626680208281,-0.0029657332948690245,-0.0020823823208654087,-0.07187901508106807,-0.046428421863770365,-0.0021164326405682995,0.0008149050991627606,-0.034748715890509915,-0.026030605715409844,-0.03924991060860234,-0.028289263550104145,-0.0906509834178515,-0.02818250099449129,-0.09193556718367232,-0.08733508129071463
Bwd_Packets_s,0.13082252564297558,-0.07777377879470813,-0.0019100589521172072,-0.0015360383961709973,-0.012663273804097163,-0.0011723643979308384,-0.048150572196243094,-0.01690899169670156,-0.04251908727869192,-0.04324099913471898,-0.07686340065040256,-0.05131156568237368,-0.08280359597534509,-0.07032733027065304,0.010820108488022971,0.25245752893187623,-0.05030200959040175,-0.06444002391144285,-0.06655245621755224,-0.010134115507667801,-0.07638301852957942,-0.04886087863513319,-0.060066794302375846,-0.06539249543304389,-0.02133093217250184,-0.061013729060509975,-0.036379753779006894,-0.04187894467682781,-0.04841976016524202,-0.020785555353271635,-0.02035339406520597,,-0.0014802412668633912,,0.00044318332064287536,0.00043313360255390406,0.09746889901030925,1.0,-0.049976941364162614,-0.08031957747077982,-0.08931189743581819,-0.07964940714203599,-0.051674464258768135,0.008524622730561328,-0.02035339406520597,-0.0029006854320103494,0.002795959254776015,0.07106122069523788,0.1378129557355283,-0.001480241266863391,-0.0029006854320103494,0.11649332830452654,-0.09003000908038235,-0.04251908727869192,-0.08280359597534509,0.00044318332064287536,,,,,,,-0.0019100589521172072,-0.012663273804097165,-0.0015360383961709973,-0.0011718751098887816,-0.013489640044535265,0.04511945874478253,-0.0014550826585209811,0.000559861998381828,-0.023857167200750005,-0.017880216664984187,-0.02695370818502438,-0.019418534254926755,-0.06227136103772152,-0.01935970701821688,-0.06315380094542658,-0.059993531432176034
Min_Packet_Length,-0.24187592416442658,-0.22532641072210544,-0.007190793930208472,-0.006446135181535944,-0.03470467504015897,-0.0052513998970058024,-0.13381887172747822,0.4336678918699947,0.003167506848727426,-0.15732320796720978,-0.250325276874136,0.7181318748891194,-0.20218619648604264,-0.2574665042839568,0.012980242979933838,-0.11870800049521012,-0.035079477416341535,-0.1168732284385107,-0.16530532625335076,0.011094948292634632,-0.22128054583590054,-0.0020788248648239463,-0.20185917803204442,-0.16262452229341331,0.1057637939720877,-0.16179141588009072,0.0412413904370335,-0.12926272497527164,-0.07888105270106249,0.09957995644782852,-0.0939587418095545,,-0.005420437966431426,,-0.004383954521340959,-0.004458319047101996,-0.11423777769417082,-0.049976941364162614,1.0,-0.26214944555778885,-0.18724004849857,-0.2611812436910878,-0.18898606715720584,-0.11442460302191329,-0.09395874180955449,-0.010646593621846815,-0.4163089571361546,-0.3666461089194052,-0.16128571233324984,-0.005420437966431426,-0.010646593621846815,0.21994711355292162,-0.15883842777238769,0.003167506848727422,-0.20218619648604266,-0.004383954521340959,,,,,,,-0.007190793930208472,-0.03470467504015897,-0.006446135181535944,-0.0052497362133262825,-0.3007541211145764,-0.1450111061529061,-0.004749911924397159,-0.0039652921042133225,-0.07536990774344646,-0.06241522842394906,-0.09043437300432935,-0.059058367324413386,-0.1560504917434487,-0.06067804754974412,-0.16003491295387295,-0.14832120158943832
Max_Packet_Length,-0.1214793050566827,0.5136722395193719,0.024700536664780073,0.02444090212652545,0.09655408243476953,0.023384392275844677,0.3846180919089946,-0.10367506756793944,0.29186808282996485,0.3781125950658577,0.9502014451642611,-0.2351061927341961,0.9074957442704146,0.9345305579906488,-0.0056982132840722064,-0.12518930746163048,0.21970013949813294,0.4989411138773003,0.5947091947581614,-0.026151975344245845,0.510092908029864,0.22559358712696895,0.6258960091170298,0.5928683693874273,-0.0497823822908305,0.2707222155335104,0.06568909374789876,0.35093447110561354,0.3080534371992453,-0.04786626774488493,-0.0722993842239012,,-0.003923273705619314,,0.002783532900285917,0.0031840724619319268,-0.11596429952900655,-0.08031957747077982,-0.26214944555778885,1.0,0.9183211707295775,0.9848376110854759,0.8953506512474029,0.20568195574478848,-0.07229938422390118,0.005270857645783703,0.2361535604460845,-0.00512266462369773,-0.10794597321642153,-0.003923273705619314,0.005270857645783703,-0.03648066959199741,0.9133878966683523,0.2918680828299649,0.9074957442704147,0.002783532900285917,,,,,,,0.02470053666478007,0.09655408243476953,0.024440902126525457,0.023383406147291317,0.11342972508646085,-0.04947263430413575,0.013449143757964887,0.0014047524282738608,0.10615357349649426,0.04444842084404207,0.09795134912551727,0.10481030621504794,0.5867524719578625,0.22028093069635446,0.5981140775117134,0.5620494075854809
Packet_Length_Mean,-0.14526699879962215,0.4328094001492955,0.0279230104919355,0.028258009143489828,0.11084469333150633,0.02649895903554863,0.34609357300200994,-0.04095096206151102,0.311926330062762,0.3378295057179578,0.8804561228831842,-0.16420565472932733,0.92121464421633,0.850696138374405,0.0603341020307133,-0.13364284968658735,0.17467343943315158,0.4220655320666502,0.5123506020992957,-0.02800240899984271,0.4285775447236302,0.18852937918641605,0.5357966727112581,0.508607264345445,-0.04337272509180361,0.22931624341585743,0.05072735392749635,0.30272375248998346,0.2749467306748793,-0.03991167057155926,-0.05842824461159486,,-0.004706977948967139,,0.0028515563806834725,0.003363585374028939,-0.12322713828017699,-0.08931189743581819,-0.18724004849857,0.9183211707295775,1.0,0.9426014285435933,0.8043977091984154,0.18419593806522785,-0.05842824461159486,0.00898478438464923,0.259250035387148,-0.0801129975936096,-0.1436931621277939,-0.004706977948967138,0.00898478438464923,0.04514810347804198,0.9977547785080739,0.31192633006276205,0.9212146442163303,0.0028515563806834725,,,,,,,0.0279230104919355,0.11084469333150633,0.028258009143489828,0.026491586591679876,0.13178310923429024,-0.06326879679803345,0.018401840899398954,0.0012789398206488867,0.10162924843248335,0.060527112667887246,0.10356435748352097,0.0913583533197234,0.5095774479809615,0.15089125844302856,0.5142085743136375,0.49377211352785066
Packet_Length_Std,-0.11770349331411073,0.45945839883605194,0.013632678519295026,0.013410704812111988,0.07646576173776203,0.012587198953917194,0.35150458519313593,-0.09099567240719217,0.2852667977432664,0.3595717027841906,0.9412306351990958,-0.2234976029089173,0.9210714904856737,0.943718007040744,0.010600589066084312,-0.12199100865671614,0.20268826026477374,0.46807893756817304,0.55608256452092,-0.026564349915232596,0.4557905772361716,0.20898994268148283,0.5901227135372871,0.5535957154655727,-0.050037973865646505,0.22595595475713875,0.0562675576436058,0.3271350205546594,0.2819439922636785,-0.047808153053532025,-0.06538431290290747,,-0.003908649856872692,,0.0022614267442545044,0.0024836538643636563,-0.11277966812480096,-0.07964940714203599,-0.2611812436910878,0.9848376110854759,0.9426014285435933,1.0,0.9242479137064181,0.1998307141792969,-0.06538431290290747,0.005210056749232913,0.24457955059509393,-0.01586547872049615,-0.11029202428139827,-0.003908649856872692,0.005210056749232913,-0.015697318202461102,0.9428012863646398,0.28526679774326635,0.9210714904856737,0.0022614267442545044,,,,,,,0.013632678519295026,0.07646576173776203,0.01341070481211199,0.012583928556868658,0.1069180143912194,-0.052641502851021545,0.008712627829035858,0.0014740824621288988,0.08521592935998912,0.03214729492558231,0.07604097833032143,0.08571983353644007,0.5492097489067466,0.19961664436999377,0.5589649031609588,0.5272329892710444
Packet_Length_Variance,-0.06481112071679158,0.28371326906178,0.0058025743629366265,0.005831881589345516,0.04263372783533262,0.006148342702409155,0.25420152941989727,-0.08141736499440402,0.21063174992202424,0.2773321376320271,0.8553692493575127,-0.17361001611242463,0.7966499467843783,0.8938305589546082,-0.002404419392974846,-0.0802683822808406,0.1512742564249827,0.3453952096995234,0.40278299674017726,-0.016887902748584496,0.28201973118577633,0.15309276231119645,0.4345704659815322,0.40139992704835836,-0.03535190238583675,0.09620174357899271,0.03371974946463157,0.225415862593006,0.1857104854527825,-0.03440617686234049,-0.052339796103731746,,-0.0024673420280075247,,0.0012622509724933154,0.0013629453804343634,-0.07432409588249518,-0.051674464258768135,-0.18898606715720584,0.8953506512474029,0.8043977091984154,0.9242479137064181,1.0,0.1580054156371818,-0.05233979610373174,-0.0015034510927835352,0.143950734935061,0.016939703871652747,-0.06559958508953342,-0.0024673420280075242,-0.0015034510927835352,0.008143146726415047,0.8150904826643712,0.21063174992202424,0.7966499467843783,0.0012622509724933154,,,,,,,0.0058025743629366265,0.04263372783533262,0.005831881589345517,0.006147076970067264,0.014958858784043762,-0.04958747336378359,0.0033352127215173573,0.0009295326792959109,0.041111344415360455,-0.007625196270668073,0.0197722235573175,0.05124486071293488,0.39592115408835676,0.1682408970346351,0.40612019975814023,0.3772569310667101
FIN_Flag_Count,-0.037794734670111005,0.19260477768896225,-0.001583974602874479,-0.0014525910313887647,-0.008662241507942543,-0.0010061041089528388,-0.007078337773315632,-0.053215755315215885,-0.019296974722309176,0.005682653050541369,0.22147157322104055,-0.1104141315303553,0.18941183876681608,0.20764677240499763,-0.00480592030016503,0.08005381329163148,0.12198791461290377,0.2703122869142557,0.3060181002033506,-0.009796747305725525,0.19431646334312463,0.1571173470796535,0.37630500749406953,0.3059198873452617,-0.023492875968394195,0.22504067911354114,0.1242273707179842,0.4943994308189602,0.4306614548925499,-0.021978205680626566,-0.04259802850836882,,-0.0016314964051486977,,0.0005255233818120764,0.0005260947297505834,0.08184979837975888,0.008524622730561328,-0.11442460302191329,0.20568195574478848,0.18419593806522785,0.1998307141792969,0.1580054156371818,1.0,-0.04259802850836882,-0.0032045158211740834,-0.12794557658236544,-0.10309735601869559,-0.06319542934634904,-0.0016314964051486977,-0.0032045158211740834,-0.019270774856732672,0.18035499926251733,-0.019296974722309176,0.18941183876681608,0.0005255233818120764,,,,,,,-0.0015839746028744797,-0.008662241507942547,-0.0014525910313887649,-0.0010058378677134869,-0.09552504080509111,-0.03672920112963323,-0.001116141819473985,0.0006121262337651692,-0.024071818658823945,-0.019709299520698567,-0.02837844348809175,-0.01885069613566451,0.32043017658053263,0.005744217994381909,0.31144562104167156,0.3235508768277063
SYN_Flag_Count,0.22110401246318098,-0.00886543546246636,-0.001460345837080409,-0.0017715174535814886,0.008440572434536296,-0.001575312587663129,0.01255945810411651,0.09658743491047428,0.07037714743815915,0.023369571300609415,-0.08988483759108985,-0.08962617063770172,-0.09845511517078243,-0.08265941921810567,0.17400544639923549,0.211659611398873,0.0634004876429052,-0.00809621540167372,-0.0038703065247332556,0.09126166095655798,-0.008488890168454017,0.02502697194032169,-0.016874403902655016,-0.004059272614572162,0.03527335023408987,0.004865350978201853,0.04421453887103266,-0.0065295246683226855,0.01902780185009032,0.049253980550119744,1.0,,0.03829981016206259,,0.0006084115774254561,0.0005538143586106584,0.22118270575186788,-0.02035339406520597,-0.09395874180955449,-0.07229938422390118,-0.05842824461159486,-0.06538431290290747,-0.05233979610373174,-0.04259802850836882,1.0,-0.003590113007464011,-0.14292293193891825,0.32251907001116764,-0.0057157367217070395,0.03829981016206259,-0.003590113007464011,-0.15091886736614055,-0.05149494420834952,0.07037714743815916,-0.09845511517078244,0.0006084115774254561,,,,,,,-0.0014603458370804087,0.008440572434536296,-0.0017715174535814886,-0.0015748313817494333,-0.04064553144065566,-0.04113295850295533,-0.0009841552070869496,0.0006909718857051735,0.004547924638142559,0.013838036780143484,0.00599114717774029,-0.004844278457742244,-0.023931339234759513,0.024120454117997386,-0.019541194089863583,-0.027506270604133343
RST_Flag_Count,-0.006901002598700664,0.0099921689674914,-4.134521786417712e-08,-2.6460360367328884e-05,0.004073391216353691,-9.459663406892375e-05,0.02238420496911959,-0.005163937637501132,0.014296518866831634,0.01829704037396113,0.00485280035199237,-0.009925424236650129,0.005726971266349322,0.004498154187443403,-0.0009500372178062558,-0.004563186152469468,0.004933843540294884,0.010934642815499837,0.014503154883292204,-0.0009415045972357368,0.00833737856648903,0.0026381174721688723,0.011775719440605696,0.013299247289415127,-0.001976174923945767,-0.0020136166911868983,-0.0021867776686202494,-0.0008694179197420458,-0.001045868822718214,-0.0019287416883618635,-0.003590113007464011,,-0.00013750064664622486,,5.016591178327456e-05,4.942197904649855e-05,-0.004231182573582974,-0.0029006854320103494,-0.010646593621846815,0.005270857645783703,0.00898478438464923,0.005210056749232913,-0.0015034510927835352,-0.0032045158211740834,-0.003590113007464011,1.0,0.0250459289548884,-0.01110655518346727,-0.0053260383368218065,-0.00013750064664622486,1.0,0.006032390029187942,0.008151271083065011,0.014296518866831634,0.005726971266349321,5.016591178327456e-05,,,,,,,-4.1345217864157674e-08,0.004073391216353691,-2.6460360367328884e-05,-9.457019394256817e-05,0.019625860154512974,0.009763577544214284,5.684295549081131e-05,5.167190014113593e-05,0.009203483161050739,0.021490651176448956,0.011012316957394085,-0.0015057425720288995,-0.0038452463079637375,0.001181694969878475,-0.003593256267459688,-0.004026437905692641
PSH_Flag_Count,-0.18110728812074933,0.16061181212266554,0.013684533017477527,0.013040472563349842,0.054962114623129714,0.010150554936490001,0.20457004443946347,-0.2024254236458671,0.07322391205658038,0.180647955050309,0.23128976976453391,-0.3820327026595533,0.20860304402588165,0.21800391003217465,-0.0353159907571223,-0.10501532079484216,-0.064343284405184,-0.081371261578422,-0.07113776343977259,-0.035164803915944544,0.15283102431425458,-0.07669121045891023,-0.06637949759363351,-0.07516586880545643,-0.07628857665673308,0.24897233208391514,-0.022239923348250985,0.03659520043241954,0.01623676757777313,-0.06644965347606185,-0.14292293193891825,,0.004933732798302528,,0.002887459722994471,0.0030805349561182777,-0.10873858988559637,0.002795959254776015,-0.4163089571361546,0.2361535604460845,0.259250035387148,0.24457955059509393,0.143950734935061,-0.12794557658236544,-0.14292293193891825,0.0250459289548884,1.0,-0.44147378476743454,-0.21235351137105526,0.004933732798302526,0.0250459289548884,-0.07020500142578358,0.242746174780207,0.07322391205658037,0.20860304402588165,0.002887459722994472,,,,,,,0.013684533017477525,0.05496211462312973,0.013040472563349842,0.010151279684249708,0.5527376242147293,0.09945838956590539,0.010783127550015325,0.0020758279566832046,0.12104100318150944,0.11623582388736844,0.15795219724641255,0.09275429106608245,-0.08497827821006385,-0.026878292257532306,-0.08499276561031197,-0.08442318277886222
ACK_Flag_Count,0.5291838659204745,0.028310094272347736,-0.004635749272194159,-0.004909382692423205,-0.0032311167614313767,-0.0035272799107648185,-0.02368404319273874,-0.10887152465012946,-0.005755674009652784,0.008305530761776585,-0.02538208115077002,-0.376156904846652,-0.04281487871452748,0.0005058897269789932,0.05332410599453276,0.24744032386919138,0.0920918313463953,0.10885336601922233,0.14581035444085302,0.07659387832472202,0.030359428167898505,0.032704069972963073,0.14764739817169759,0.14630764434542728,-0.01770780599928548,-0.14837967727530268,-0.0740647313167569,-0.08877840654823507,-0.09829737960164771,-0.037515482700079775,0.32251907001116764,,-0.00565461550717938,,0.0018600468355536592,0.0017418065030751064,0.2435850725277029,0.07106122069523788,-0.3666461089194052,-0.00512266462369773,-0.0801129975936096,-0.01586547872049615,0.016939703871652747,-0.10309735601869559,0.32251907001116764,-0.01110655518346727,-0.44147378476743454,1.0,0.47902561309137587,-0.00565461550717938,-0.011106555183467266,-0.21031057456842037,-0.08698312214657643,-0.005755674009652777,-0.042814878714527466,0.0018600468355536599,,,,,,,-0.00463574927219416,-0.0032311167614313767,-0.004909382692423204,-0.0035300375436576803,-0.13727526135059293,0.09672460889940648,-0.004561375280115977,0.0021363116210103912,-0.029615834636399743,-0.04591517736626934,-0.05234500116510358,-0.015351233435820427,0.1362409237076005,0.0940813215748776,0.14427485021432113,0.12559252462849038
URG_Flag_Count,0.5062314165284525,-0.10029180367187762,-0.003998704830751845,-0.003239482522883177,-0.00498098659140308,-0.0026613768174859873,0.03004205956442349,0.015491249360275646,0.05659472354475986,0.04422277864270851,-0.14382867850829176,-0.18507465839094078,-0.16162377688173618,-0.12853497305570175,-0.01652810763278516,-0.027015063101599797,0.005617951459073872,-0.08182698102485517,-0.0670181101290277,0.09364464181621758,-0.10222095978734388,-0.03290860981344636,-0.06842869500006855,-0.06867183084149224,0.002358213046834062,-0.07584068664990146,-0.05059903630360494,-0.02145889432020599,-0.032788823753390435,-0.038008699837625864,-0.0057157367217070395,,0.025816683611834028,,0.0007843727495155235,0.0007662972470201762,-0.05027769887481262,0.1378129557355283,-0.16128571233324984,-0.10794597321642153,-0.1436931621277939,-0.11029202428139827,-0.06559958508953342,-0.06319542934634904,-0.0057157367217070395,-0.0053260383368218065,-0.21235351137105526,0.47902561309137587,1.0,0.025816683611834028,-0.0053260383368218065,0.2874089651220001,-0.1470736618260545,0.05659472354475986,-0.16162377688173618,0.0007843727495155236,,,,,,,-0.003998704830751845,-0.004980986591403082,-0.003239482522883177,-0.0026605305362860745,-0.07410791116084037,0.19826915252368357,-0.0029917870028272225,0.0010246497742704566,-0.02522907800637865,-0.03275767407529459,-0.03831922106307665,-0.01437068416926274,-0.08157764164182311,0.03043600461190813,-0.0754323150695345,-0.08614209805095559
CWE_Flag_Count,0.001376855242750213,-0.003678515219659522,-9.437268163229734e-05,-9.87516687457208e-05,-0.0006315138771142658,-6.875661722970744e-05,-0.002451491676370098,-0.0026290853789288763,-0.002617705498335827,-0.0020694836987036574,-0.003745220098989413,-0.005053273213591924,-0.004232893328905191,-0.0033456436185169453,-0.0004896292164187784,0.014986340173391677,-0.002379057050216998,-0.0030476631997231256,-0.0031476286344288675,-0.0004793372600613162,-0.0036126888128046584,-0.0023108068777114967,-0.0028407998141592424,-0.0030927076601736238,-0.0010088028132446457,-0.0028858830772992596,-0.0017205442803964151,-0.001980656407340362,-0.0022900700445306643,-0.0009830212196737548,0.03829981016206259,,1.0,,2.171414335523802e-05,1.854182426278236e-05,0.015668683548172073,-0.001480241266863391,-0.005420437966431426,-0.003923273705619314,-0.004706977948967138,-0.003908649856872692,-0.0024673420280075242,-0.0016314964051486977,0.03829981016206259,-0.00013750064664622486,0.004933732798302526,-0.00565461550717938,0.025816683611834028,1.0,-0.00013750064664622486,-0.008621956074877061,-0.00483807637832459,-0.0026177054983358276,-0.004232893328905191,2.171414335523802e-05,,,,,,,-9.437268163229734e-05,-0.0006315138771142658,-9.87516687457208e-05,-6.873474917934894e-05,0.012292056075300156,-0.001987521147944201,-8.070034914103887e-05,2.689618435861316e-05,-0.0011289794532642584,-0.0008456945074614364,-0.0012751971378217196,-0.0009191283608234467,-0.002945091502607876,-0.0009155992974716115,-0.002986825304863268,-0.002837363739913571
ECE_Flag_Count,-0.006901002598700664,0.0099921689674914,-4.134521786417712e-08,-2.6460360367328884e-05,0.004073391216353691,-9.459663406892375e-05,0.02238420496911959,-0.005163937637501132,0.014296518866831634,0.01829704037396113,0.00485280035199237,-0.009925424236650129,0.005726971266349322,0.004498154187443403,-0.0009500372178062558,-0.004563186152469468,0.004933843540294884,0.010934642815499837,0.014503154883292204,-0.0009415045972357368,0.00833737856648903,0.0026381174721688723,0.011775719440605696,0.013299247289415127,-0.001976174923945767,-0.0020136166911868983,-0.0021867776686202494,-0.0008694179197420458,-0.001045868822718214,-0.0019287416883618635,-0.003590113007464011,,-0.00013750064664622486,,5.016591178327456e-05,4.942197904649855e-05,-0.004231182573582974,-0.0029006854320103494,-0.010646593621846815,0.005270857645783703,0.00898478438464923,0.005210056749232913,-0.0015034510927835352,-0.0032045158211740834,-0.003590113007464011,1.0,0.0250459289548884,-0.011106555183467266,-0.0053260383368218065,-0.00013750064664622486,1.0,0.006032390029187942,0.008151271083065011,0.014296518866831634,0.005726971266349321,5.016591178327456e-05,,,,,,,-4.1345217864157674e-08,0.004073391216353691,-2.6460360367328884e-05,-9.457019394256817e-05,0.019625860154512974,0.009763577544214284,5.684295549081131e-05,5.167190014113593e-05,0.009203483161050739,0.021490651176448956,0.011012316957394085,-0.0015057425720288995,-0.0038452463079637375,0.001181694969878475,-0.003593256267459688,-0.004026437905692641
Down_Up_Ratio,0.04035732518820537,-0.15172440633387202,0.0013177689756946119,0.004159562566339415,-0.017032939241274792,0.0036766722288160423,-0.04295017578472135,0.29809609017696936,0.040106082515886834,-0.059425000514444486,-0.03426467588889189,0.2272832929537852,-0.007214532983720555,-0.05032073875640759,-0.044341817426344486,-0.19878681016834626,-0.08371165201054451,-0.08496032026416932,-0.10972121667036534,-0.05441708620912605,-0.16427142283271481,-0.04153956513537726,-0.12514448424472044,-0.1243140192176153,0.021147310217845293,-0.04530857618787294,0.02147565077613553,0.02722393563138217,0.04711347079717056,0.030646508093699308,-0.15091886736614055,,-0.008621956074877061,,-0.0014617592590843694,-0.0012136043464072693,-0.22348121953056635,0.11649332830452654,0.21994711355292162,-0.03648066959199741,0.04514810347804198,-0.015697318202461102,0.008143146726415047,-0.019270774856732672,-0.15091886736614055,0.006032390029187942,-0.07020500142578358,-0.21031057456842037,0.2874089651220001,-0.008621956074877061,0.006032390029187942,1.0,0.05430902211739524,0.04010608251588684,-0.0072145329837205565,-0.0014617592590843698,,,,,,,0.0013177689756946119,-0.017032939241274792,0.004159562566339416,0.0036755261705127933,-0.15474479352711565,-0.03656525484158696,0.0008288725701103413,-0.0015135054068016512,-0.030820295627582,-0.026433914868727423,-0.04540052728036367,-0.02435852285838865,-0.09329673666237197,-0.05092954751430131,-0.09800993682378147,-0.08642710962177066
Average_Packet_Size,-0.1466326083815211,0.41109901103217994,0.025247708048009517,0.025602033280704616,0.1040342424607029,0.024086133299317386,0.3378130902593292,-0.02248320035800545,0.31453565752621576,0.3338381550090173,0.8751520817282608,-0.13796894953167185,0.9152779346514267,0.8502690387354296,0.09260190111295895,-0.1306212345328668,0.1702389335827075,0.4119011603717915,0.4984806198953871,-0.02730061431967121,0.4071337861749012,0.18448066845727007,0.5226900293658869,0.4948329063887499,-0.0412674275419198,0.21023834941225422,0.04870012507511004,0.2930527108862643,0.2647267783411756,-0.03829819846408902,-0.05149494420834952,,-0.00483807637832459,,0.0027653939485601385,0.0032324272416031723,-0.12000168335772048,-0.09003000908038235,-0.15883842777238769,0.9133878966683523,0.9977547785080739,0.9428012863646398,0.8150904826643712,0.18035499926251733,-0.05149494420834952,0.008151271083065011,0.242746174780207,-0.08698312214657643,-0.1470736618260545,-0.00483807637832459,0.008151271083065011,0.05430902211739524,1.0,0.31453565752621576,0.9152779346514267,0.0027653939485601385,,,,,,,0.025247708048009517,0.10403424246070292,0.025602033280704616,0.024079428803494316,0.11533349544387554,-0.06878741094925206,0.016621498401207573,0.0013423354291751755,0.09143234288117602,0.05137795128075132,0.09087024723993373,0.08359763498147765,0.4962173728768266,0.1457246647612969,0.5005308587784961,0.4811066426643574
Avg_Fwd_Segment_Size,0.1493173488432931,0.14631093852889454,2.2605103257900492e-05,-0.0004578570295259863,0.2505632602818244,-0.0017218272334042254,0.8910445525655913,0.25677283979289617,1.0,0.8945855344820517,0.010557625911575075,-0.028424995061262125,0.0015852816014289709,0.006678333038164584,0.10141825926685809,-0.05722976699489087,0.05270143398624939,0.12433613176012741,0.1531562964320916,-0.011332092900205194,0.14262227668110802,0.07248259923134386,0.17413396944230236,0.15656544634963127,-0.008247442506517561,0.17914372327838657,0.0685891858549529,0.23952395700749568,0.2310734381839185,-0.005721937244353074,0.07037714743815916,,-0.0026177054983358276,,0.00018455719088979856,0.00015364991869352154,-0.05208661724044521,-0.04251908727869192,0.003167506848727422,0.2918680828299649,0.31192633006276205,0.28526679774326635,0.21063174992202424,-0.019296974722309176,0.07037714743815916,0.014296518866831634,0.07322391205658037,-0.005755674009652777,0.05659472354475986,-0.0026177054983358276,0.014296518866831634,0.04010608251588684,0.31453565752621576,1.0,0.0015852816014289715,0.00018455719088979859,,,,,,,2.260510325790072e-05,0.2505632602818244,-0.00045785702952598646,-0.0017213436582494313,0.04103922449403051,-0.013477765578290581,0.0010085973774250708,0.00017066178478343386,0.09312016441829654,0.060364532849752496,0.09478603736042202,0.07786746390828451,0.13029815944637704,0.19327647828277214,0.15250143701311794,0.10463441215826733
Avg_Bwd_Segment_Size,-0.2155269407894481,0.4618755811498594,0.024139133489719047,0.024192251369723857,0.022698396831876896,0.02312680119357334,0.08153554013050363,-0.1032184310657543,0.0015852816014289715,0.0722760230759006,0.9591678899513458,-0.1511874185007513,1.0,0.941415966312565,-0.026943521140855516,-0.1384548789252648,0.2029123336856889,0.4790448581264535,0.5744708424956616,-0.02844955743245941,0.45864490211617825,0.20566906820950115,0.5900605103604349,0.5699431518206761,-0.04423084292068911,0.17127542893969605,0.031405686898702316,0.24312392442144795,0.21295584369848047,-0.041049014061906364,-0.09845511517078244,,-0.004232893328905191,,0.0027141649311573732,0.003131432060298634,-0.1292279458377754,-0.08280359597534509,-0.20218619648604266,0.9074957442704147,0.9212146442163303,0.9210714904856737,0.7966499467843783,0.18941183876681608,-0.09845511517078244,0.005726971266349321,0.20860304402588165,-0.042814878714527466,-0.16162377688173618,-0.004232893328905191,0.005726971266349321,-0.0072145329837205565,0.9152779346514267,0.0015852816014289715,1.0,0.0027141649311573737,,,,,,,0.02413913348971905,0.022698396831876893,0.024192251369723857,0.02312034502568539,0.10543854721386403,-0.065262808587359,0.015568921693532483,0.0013460615688271746,0.08473166382332613,0.032834863154495124,0.07598749812109303,0.08512808449381425,0.5739667531657564,0.15970867461470345,0.5775460520579582,0.5578809616117983
Fwd_Header_Length.1,0.0010829218320910084,-0.0053920643484943465,0.05187488970483967,0.05186037894648637,0.01789051101200726,0.05178965749802051,0.0011544035294551924,-0.0017840606044977607,0.00018455719088979859,0.000893724074554133,0.0027579373913459416,-0.0007388966640233268,0.0027141649311573737,0.0017043717905221092,0.00020180311743293224,0.0007000985438303962,-0.0025484328720543695,-0.004241581403277059,-0.005766104847490635,9.457437148107165e-05,-0.005497605360791629,-0.002699931872071202,-0.0051037985076630345,-0.005861904675068471,-0.00043325719407116185,-0.006852689226111911,-0.003168960392082747,-0.008552676722847406,-0.008989183199867431,-0.0004611496513492749,0.0006084115774254561,,2.171414335523802e-05,,1.0,0.9998706961365005,0.000649425165104836,0.00044318332064287536,-0.004383954521340959,0.002783532900285917,0.0028515563806834725,0.0022614267442545044,0.0012622509724933154,0.0005255233818120764,0.0006084115774254561,5.016591178327456e-05,0.002887459722994472,0.0018600468355536599,0.0007843727495155236,2.171414335523802e-05,5.016591178327456e-05,-0.0014617592590843698,0.0027653939485601385,0.00018455719088979859,0.0027141649311573737,1.0,,,,,,,0.05187488970483967,0.01789051101200726,0.05186037894648637,0.051788243808074175,0.001973950553090884,0.0007142080699596174,0.04055596445401692,0.9986531093152154,-0.02875909087601654,-0.042850321850816504,-0.02927986988576806,-0.009218903187219454,-0.0035296509790341984,-0.018672697218190207,-0.005893172424717141,-0.0009997177039937403
Fwd_Avg_Bytes_Bulk,,,,,,,,,,,,,,,,,,,,,,,,,,,,,,,,,,,,,,,,,,,,,,,,,,,,,,,,,,,,,,,,,,,,,,,,,,,,,,
Fwd_Avg_Packets_Bulk,,,,,,,,,,,,,,,,,,,,,,,,,,,,,,,,,,,,,,,,,,,,,,,,,,,,,,,,,,,,,,,,,,,,,,,,,,,,,,
Fwd_Avg_Bulk_Rate,,,,,,,,,,,,,,,,,,,,,,,,,,,,,,,,,,,,,,,,,,,,,,,,,,,,,,,,,,,,,,,,,,,,,,,,,,,,,,
Bwd_Avg_Bytes_Bulk,,,,,,,,,,,,,,,,,,,,,,,,,,,,,,,,,,,,,,,,,,,,,,,,,,,,,,,,,,,,,,,,,,,,,,,,,,,,,,
Bwd_Avg_Packets_Bulk,,,,,,,,,,,,,,,,,,,,,,,,,,,,,,,,,,,,,,,,,,,,,,,,,,,,,,,,,,,,,,,,,,,,,,,,,,,,,,
Bwd_Avg_Bulk_Rate,,,,,,,,,,,,,,,,,,,,,,,,,,,,,,,,,,,,,,,,,,,,,,,,,,,,,,,,,,,,,,,,,,,,,,,,,,,,,,
Subflow_Fwd_Packets,-0.004846748546880256,0.021181448586052413,1.0,0.9997961296747984,0.3410886564761422,0.9985491719631834,0.007441400829436008,-0.0034911035062901857,2.260510325790072e-05,0.0015224892739360248,0.02550886868351826,-0.006795564898912437,0.02413913348971905,0.007347305399189295,0.00040398967388679554,-0.00301151220999077,-0.001202143328510812,-0.0006259750647578684,0.0038492684036270236,-0.0006463207306657909,0.019893533412385048,-0.0012212325488575935,2.2155993880103587e-05,0.0021109966033568714,-0.001340747812570093,0.024415271852009614,-0.0007432796778182997,0.0007673680426463564,0.0056981852530885065,-0.0011450630125281482,-0.0014603458370804087,,-9.437268163229734e-05,,0.05187488970483967,0.06778970328549254,-0.0027935695492994897,-0.0019100589521172072,-0.007190793930208472,0.02470053666478007,0.0279230104919355,0.013632678519295026,0.0058025743629366265,-0.0015839746028744797,-0.0014603458370804087,-4.1345217864157674e-08,0.013684533017477525,-0.00463574927219416,-0.003998704830751845,-9.437268163229734e-05,-4.1345217864157674e-08,0.0013177689756946119,0.025247708048009517,2.260510325790072e-05,0.02413913348971905,0.05187488970483967,,,,,,,1.0,0.3410886564761421,0.9997961296747984,0.9985261035585637,0.005358451684205431,-0.0005363234054009026,0.7750156893320883,1.8106442478166145e-06,0.04839957553443844,0.0071731541316272735,0.034265879587964725,0.05207263543834204,0.0032749886561308224,0.0007552153702943427,0.0033269444503135335,0.0031478135330620786
Subflow_Fwd_Bytes,0.018773570902687445,0.09154904698127424,0.3410886564761421,0.3342028240196464,1.0,0.3129470996790491,0.26005024275293454,-0.0016742107961282549,0.2505632602818244,0.2134469302953083,0.02686219610153693,-0.03551298194053204,0.022698396831876893,0.0123503439695584,0.004258987388096228,-0.01867196726757711,0.005667388298760691,0.02041595716415269,0.03488659324192923,-0.004001142904021231,0.09069728242675604,0.008151622083017705,0.031750455688593165,0.0353705550320512,-0.007553144658652071,0.10868953221562855,0.011085448800033393,0.04893030626255625,0.054223361605333774,-0.0059304110490740435,0.008440572434536296,,-0.0006315138771142658,,0.01789051101200726,0.02274280782753683,-0.01718626680208281,-0.012663273804097165,-0.03470467504015897,0.09655408243476953,0.11084469333150633,0.07646576173776203,0.04263372783533262,-0.008662241507942547,0.008440572434536296,0.004073391216353691,0.05496211462312973,-0.0032311167614313767,-0.004980986591403082,-0.0006315138771142658,0.004073391216353691,-0.017032939241274792,0.10403424246070292,0.2505632602818244,0.022698396831876893,0.01789051101200726,,,,,,,0.3410886564761421,1.0,0.3342028240196464,0.31288801709710584,0.04067502366716747,0.016726531701157774,0.43816371066793514,5.0546864105362236e-05,0.11011510293472693,0.10051905048963668,0.13116161358488135,0.07535779182030176,0.02948813462856257,0.03635930608381228,0.03386070946415051,0.024071237212207545
Subflow_Bwd_Packets,-0.004473924162309074,0.019501838932819857,0.9997961296747984,1.0,0.3342028240196464,0.9989752218601144,0.007107724686527031,-0.002982848890991096,-0.00045785702952598646,0.0010237461059192322,0.025335401599490028,-0.0059067540902161125,0.024192251369723857,0.0069718029794873584,0.0003155521255442414,-0.003120214593923,-0.001604536664251561,-0.0012141364900096604,0.003271861925505349,-0.0006723417334429452,0.018158718565162445,-0.0014530283882029287,-0.0006347689945563292,0.0014722599881894381,-0.0011910718775987848,0.023359108745955176,-0.0009553177136733506,0.0004777012966931994,0.005740727857830042,-0.0011039458860227906,-0.0017715174535814886,,-9.87516687457208e-05,,0.05186037894648637,0.06781128922912921,-0.0029657332948690245,-0.0015360383961709973,-0.006446135181535944,0.024440902126525457,0.028258009143489828,0.01341070481211199,0.005831881589345517,-0.0014525910313887649,-0.0017715174535814886,-2.6460360367328884e-05,0.013040472563349842,-0.004909382692423204,-0.003239482522883177,-9.87516687457208e-05,-2.6460360367328884e-05,0.004159562566339416,0.025602033280704616,-0.00045785702952598646,0.024192251369723857,0.05186037894648637,,,,,,,0.9997961296747984,0.3342028240196464,1.0,0.9989516041405955,0.004703103800398043,-0.0005069631480337756,0.7685531485324444,5.5962739812853676e-06,0.04814965697087895,0.005418166293084114,0.032803583365482766,0.05293401861883494,0.002782850278224509,0.0005159930064836543,0.002809968910981287,0.002704805464663285
Subflow_Bwd_Bytes,-0.0035429787685790273,0.015852849418234418,0.9985261035585637,0.9989516041405955,0.31288801709710584,0.9999997237549073,0.004430565202177458,-0.0025477742267985292,-0.0017213436582494313,-0.0006137978069006579,0.02456676177244522,-0.004862243694274135,0.02312034502568539,0.0067360502480842376,0.0005174886070075553,-0.00220541164140248,-0.0015841747895402258,-0.0013614891548221705,0.0024605948032954813,-0.00047049556942327825,0.01464313840205447,-0.0015018083927426657,-0.0008760183233111025,0.0007967258998922247,-0.000980101947619994,0.01881301347927597,-0.001308830767032439,-0.0005375206398114807,0.003994312796759461,-0.000953717194132694,-0.0015748313817494333,,-6.873474917934894e-05,,0.051788243808074175,0.06775503536385125,-0.0020823823208654087,-0.0011718751098887816,-0.0052497362133262825,0.023383406147291317,0.026491586591679876,0.012583928556868658,0.006147076970067264,-0.0010058378677134869,-0.0015748313817494333,-9.457019394256817e-05,0.010151279684249708,-0.0035300375436576803,-0.0026605305362860745,-6.873474917934894e-05,-9.457019394256817e-05,0.0036755261705127933,0.024079428803494316,-0.0017213436582494313,0.02312034502568539,0.051788243808074175,,,,,,,0.9985261035585637,0.31288801709710584,0.9989516041405955,1.0,0.002556493601886535,-0.0006923234747112404,0.7461952938642559,2.515656754021521e-05,0.04266447960983962,0.0029006876542341073,0.027714850319819122,0.047768093866677006,0.002053345786208292,3.992742360036286e-05,0.002018635678541472,0.0020613131169647694
Init_Win_bytes_forward,-0.11399749256140228,0.0975164167708376,0.005358451684205431,0.004703103800398043,0.04067502366716747,0.002556626173479212,0.15304374239849816,-0.1457606790130541,0.04103922449403051,0.12768890548155873,0.11293455344014298,-0.2861199193688404,0.10543854721386403,0.09283063552544236,-0.011516498010631883,-0.07182544954408913,0.026203916665252423,-0.0580225788283186,-0.034406864707744705,0.08132708137322846,0.09326862128779975,-0.024340344525716758,-0.04774098369100872,-0.03648956201513507,-0.015709335542485138,0.1342642861036441,-0.021367783442410755,0.010398438168171474,-0.004422500459927132,-0.04367472151768212,-0.04064553144065566,,0.012292056075300156,,0.001973950553090884,0.0020296383871996728,-0.07187901508106807,-0.013489640044535265,-0.3007541211145764,0.11342972508646085,0.13178310923429024,0.1069180143912194,0.014958858784043762,-0.09552504080509111,-0.04064553144065566,0.019625860154512974,0.5527376242147293,-0.13727526135059293,-0.07410791116084037,0.012292056075300156,0.019625860154512974,-0.15474479352711565,0.11533349544387554,0.04103922449403051,0.10543854721386403,0.001973950553090884,,,,,,,0.005358451684205431,0.04067502366716747,0.004703103800398043,0.002556493601886535,1.0,0.09397783727060477,0.0027522357744551875,0.0015577713202263833,0.08558162391606122,0.0718284738283797,0.1009558302129224,0.06808105339063088,-0.05759502094483744,-0.022320421264802902,-0.0577256030774981,-0.05637978993218226
Init_Win_bytes_backward,0.20858246955029608,-0.021805688848172272,-0.0005363234054009026,-0.0005069631480337756,0.016726531701157774,-0.0006927362781419975,0.01807150660515856,-0.06718923005573221,-0.013477765578290581,0.01594426913822048,-0.0529612693027767,-0.13614686981275514,-0.065262808587359,-0.048559481200800975,-0.012813943960622918,-0.03819826530635852,-0.025110651908052617,-0.03917373481006874,-0.05049373992579228,-0.013268828687666614,-0.022529682025849266,-0.031706920434777436,-0.034834387934963205,-0.051043432796348744,-0.026454072320621302,-0.005800518258028108,-0.028622660483204367,-0.030251783347548186,-0.038082537146245675,-0.021659426448638195,-0.04113295850295533,,-0.001987521147944201,,0.0007142080699596174,0.0007066253342615365,-0.046428421863770365,0.04511945874478253,-0.1450111061529061,-0.04947263430413575,-0.06326879679803345,-0.052641502851021545,-0.04958747336378359,-0.03672920112963323,-0.04113295850295533,0.009763577544214284,0.09945838956590539,0.09672460889940648,0.19826915252368357,-0.001987521147944201,0.009763577544214284,-0.03656525484158696,-0.06878741094925206,-0.013477765578290581,-0.065262808587359,0.0007142080699596174,,,,,,,-0.0005363234054009026,0.016726531701157774,-0.0005069631480337756,-0.0006923234747112404,0.09397783727060477,1.0,-6.96168644725825e-05,0.0007504674953836975,0.02038688026973293,0.022733704250601224,0.025430278707473584,0.01155957086388121,-0.06000859301889678,-0.018595322975841138,-0.06084306555548561,-0.05817108691058547
act_data_pkt_fwd,-0.0035366904889981487,0.01692545791370101,0.7750156893320883,0.7685531485324444,0.43816371066793514,0.7463279463677038,0.005484995592433479,-0.0023083969190765027,0.0010085973774250708,0.0017257605252052632,0.013641100830410233,-0.004632232228461346,0.015568921693532483,0.004271207833831279,0.00014703824353491548,-0.0022828232801127674,-0.000919864752272998,-0.0005716159083729917,0.0017992549208517604,-0.0004932334281582026,0.016896278432150812,-0.0008944531281439356,-0.0001491295891992892,0.001778926745828329,-0.0009170592599243515,0.020108243003221095,-0.00031109428203627854,0.0009258133411348026,0.003314613518224869,-0.0007152908514324793,-0.0009841552070869496,,-8.070034914103887e-05,,0.04055596445401692,0.052077936772548204,-0.0021164326405682995,-0.0014550826585209811,-0.004749911924397159,0.013449143757964887,0.018401840899398954,0.008712627829035858,0.0033352127215173573,-0.001116141819473985,-0.0009841552070869496,5.684295549081131e-05,0.010783127550015325,-0.004561375280115977,-0.0029917870028272225,-8.070034914103887e-05,5.684295549081131e-05,0.0008288725701103413,0.016621498401207573,0.0010085973774250708,0.015568921693532483,0.04055596445401692,,,,,,,0.7750156893320883,0.43816371066793514,0.7685531485324444,0.7461952938642559,0.0027522357744551875,-6.96168644725825e-05,1.0,-2.2003941925061402e-05,0.008133630273711667,0.005873157676518695,0.008892474079485683,0.006648357290608907,0.0010508839515084376,0.0011172856109832024,0.001216796376315527,0.000865855624604647
min_seg_size_forward,0.0013726555178283355,-0.0066068001959764455,1.8106442478166145e-06,5.5962739812853676e-06,5.0546864105362236e-05,2.5164514104008545e-05,0.0007087407919765688,-0.0015795931852743985,0.00017066178478343386,0.000780679184726993,0.0013347959141215716,-0.0003391478873327758,0.0013460615688271746,0.001261681547065735,0.00018482031931210005,0.000879043389498391,-0.0025033288971137513,-0.0042488929470243485,-0.0060289044925613535,0.0001320720797868744,-0.006645045009117559,-0.0026530604757595425,-0.005155218962400358,-0.0060344674802382025,-0.00035622834262173984,-0.008247006638923002,-0.003143419600951471,-0.008636140999799985,-0.00934057255297057,-0.0003967897871489495,0.0006909718857051735,,2.689618435861316e-05,,0.9986531093152154,0.9976981666271902,0.0008149050991627606,0.000559861998381828,-0.0039652921042133225,0.0014047524282738608,0.0012789398206488867,0.0014740824621288988,0.0009295326792959109,0.0006121262337651692,0.0006909718857051735,5.167190014113593e-05,0.0020758279566832046,0.0021363116210103912,0.0010246497742704566,2.689618435861316e-05,5.167190014113593e-05,-0.0015135054068016512,0.0013423354291751755,0.00017066178478343386,0.0013460615688271746,0.9986531093152154,,,,,,,1.8106442478166145e-06,5.0546864105362236e-05,5.5962739812853676e-06,2.515656754021521e-05,0.0015577713202263833,0.0007504674953836975,-2.2003941925061402e-05,1.0,-0.031355278932909514,-0.04326901256640836,-0.031120605694939386,-0.012012536083939665,-0.003759581029215999,-0.018737345875878008,-0.006126912501762513,-0.0012195635262613276
Active_Mean,-0.04004001815723136,0.19897158440552049,0.04839957553443844,0.04814965697087895,0.11011510293472693,0.04277544219218449,0.1391530087873385,-0.03632000029142699,0.09312016441829654,0.11060511173308508,0.08274917406947838,-0.07256453318814117,0.08473166382332613,0.06336406010788107,-0.007851080413813556,-0.03748086516645738,0.0640072940219944,0.09148459250858564,0.1376649617253739,-0.0012541876917670552,0.19318123557922084,0.04454178737862842,0.09824880106140664,0.13355345115889683,-0.0029014141032351385,0.15839254065439026,0.05180755718363133,0.09324082577909582,0.13218257492928803,0.01943835758595606,0.004547924638142559,,-0.0011289794532642584,,-0.02875909087601654,-0.02791178439772499,-0.034748715890509915,-0.023857167200750005,-0.07536990774344646,0.10615357349649426,0.10162924843248335,0.08521592935998912,0.041111344415360455,-0.024071818658823945,0.004547924638142559,0.009203483161050739,0.12104100318150944,-0.029615834636399743,-0.02522907800637865,-0.0011289794532642584,0.009203483161050739,-0.030820295627582,0.09143234288117602,0.09312016441829654,0.08473166382332613,-0.02875909087601654,,,,,,,0.04839957553443844,0.11011510293472693,0.04814965697087895,0.04266447960983962,0.08558162391606122,0.02038688026973293,0.008133630273711667,-0.031355278932909514,1.0,0.46894496625853616,0.8226881172625236,0.8838332605656348,0.1269391623811251,0.07588008270281021,0.1405754875425791,0.11600681549928295
Active_Std,-0.04272614701044374,0.23515510483312882,0.0071731541316272735,0.005418166293084114,0.10051905048963668,0.002902054631302351,0.09167799348838306,-0.030058940656890118,0.060364532849752496,0.07208737304501006,0.03826917298784982,-0.05718528890276566,0.032834863154495124,0.01625840904362222,-0.0059108697186552005,-0.02807863977029646,0.01954797778149859,0.028121659910533763,0.05101709703013067,-0.005763918935165738,0.2315452197783733,0.012105275550698276,0.030810502187498014,0.04998820606808424,-0.011600873894150206,0.26154923416784,0.0738979493746187,0.09067002113841242,0.10302768878807826,0.028116353522761862,0.013838036780143484,,-0.0008456945074614364,,-0.042850321850816504,-0.0427262235466248,-0.026030605715409844,-0.017880216664984187,-0.06241522842394906,0.04444842084404207,0.060527112667887246,0.03214729492558231,-0.007625196270668073,-0.019709299520698567,0.013838036780143484,0.021490651176448956,0.11623582388736844,-0.04591517736626934,-0.03275767407529459,-0.0008456945074614364,0.021490651176448956,-0.026433914868727423,0.05137795128075132,0.060364532849752496,0.032834863154495124,-0.042850321850816504,,,,,,,0.0071731541316272735,0.10051905048963668,0.005418166293084114,0.0029006876542341073,0.0718284738283797,0.022733704250601224,0.005873157676518695,-0.04326901256640836,0.46894496625853616,1.0,0.8106716951596248,0.023414842031385212,0.03343869544923525,0.08280597175855059,0.05271037108259952,0.020364699521957935
Active_Max,-0.054206569495221166,0.2998250891285189,0.034265879587964725,0.032803583365482766,0.13116161358488135,0.027782346809220988,0.1523820051652717,-0.04343283991452824,0.09478603736042202,0.11918591082697025,0.07980697901865501,-0.08474511970178404,0.07598749812109303,0.05225863443644025,-0.008889279985519945,-0.04233694746729392,0.049694246726712084,0.06638930614227721,0.10017095303718702,-0.0048456581306012105,0.29493380362628674,0.03506091083431851,0.07176344090369435,0.09769111512310909,-0.01015920561124723,0.29693542876068374,0.06319331930204965,0.09821216485444327,0.12205525734807972,0.014856892249453675,0.00599114717774029,,-0.0012751971378217196,,-0.02927986988576806,-0.028695822000685267,-0.03924991060860234,-0.02695370818502438,-0.09043437300432935,0.09795134912551727,0.10356435748352097,0.07604097833032143,0.0197722235573175,-0.02837844348809175,0.00599114717774029,0.011012316957394085,0.15795219724641255,-0.05234500116510358,-0.03831922106307665,-0.0012751971378217196,0.011012316957394085,-0.04540052728036367,0.09087024723993373,0.09478603736042202,0.07598749812109303,-0.02927986988576806,,,,,,,0.034265879587964725,0.13116161358488135,0.032803583365482766,0.027714850319819122,0.1009558302129224,0.025430278707473584,0.008892474079485683,-0.031120605694939386,0.8226881172625236,0.8106716951596248,1.0,0.5389064202329692,0.08859577494171202,0.07309455867235924,0.10331304663349104,0.07650765593033342
Active_Min,-0.026902999459125405,0.12522782642117491,0.05207263543834204,0.05293401861883494,0.07535779182030176,0.04789488359115119,0.12109602434666676,-0.028436806759340676,0.07786746390828451,0.09572972645866737,0.08096596442350718,-0.059073819618096365,0.08512808449381425,0.06780853448683855,-0.006378496385343842,-0.030512930306963528,0.06470272171864075,0.0906856738453132,0.129782806040189,0.0011225761057740526,0.12032709364461144,0.04643834006399022,0.09714675581641671,0.12571222044482064,0.0017812860876752568,0.07402140132837295,0.021940790260358303,0.06238023205674572,0.09844125721139782,0.004812699867910301,-0.004844278457742244,,-0.0009191283608234467,,-0.009218903187219454,-0.008302009730980124,-0.028289263550104145,-0.019418534254926755,-0.059058367324413386,0.10481030621504794,0.0913583533197234,0.08571983353644007,0.05124486071293488,-0.01885069613566451,-0.004844278457742244,-0.0015057425720288995,0.09275429106608245,-0.015351233435820427,-0.01437068416926274,-0.0009191283608234467,-0.0015057425720288995,-0.02435852285838865,0.08359763498147765,0.07786746390828451,0.08512808449381425,-0.009218903187219454,,,,,,,0.05207263543834204,0.07535779182030176,0.05293401861883494,0.047768093866677006,0.06808105339063088,0.01155957086388121,0.006648357290608907,-0.012012536083939665,0.8838332605656348,0.023414842031385212,0.5389064202329692,1.0,0.12794275354873721,0.039712829657726136,0.132415389287224,0.12262306118557585
Idle_Mean,-0.11158988000066647,0.7666080707243274,0.0032749886561308224,0.002782850278224509,0.02948813462856257,0.002058945517746583,0.18595274439704954,-0.07120098095154749,0.13029815944637704,0.18705938692480817,0.5772411716799674,-0.1587459020015422,0.5739667531657564,0.5483835516605398,-0.020593388276391913,-0.09778383356973791,0.58409617165818,0.9308308185669605,0.9780416644427268,0.03045706456209329,0.7669554999578563,0.6570033864558358,0.9043974922717796,0.976177328597389,0.292550831418581,0.44983074956121577,0.4649656211422206,0.5587098379755057,0.655879285307146,0.30759730223888865,-0.023931339234759513,,-0.002945091502607876,,-0.0035296509790341984,-0.003498260960966612,-0.0906509834178515,-0.06227136103772152,-0.1560504917434487,0.5867524719578625,0.5095774479809615,0.5492097489067466,0.39592115408835676,0.32043017658053263,-0.023931339234759513,-0.0038452463079637375,-0.08497827821006385,0.1362409237076005,-0.08157764164182311,-0.002945091502607876,-0.0038452463079637375,-0.09329673666237197,0.4962173728768266,0.13029815944637704,0.5739667531657564,-0.0035296509790341984,,,,,,,0.0032749886561308224,0.02948813462856257,0.002782850278224509,0.002053345786208292,-0.05759502094483744,-0.06000859301889678,0.0010508839515084376,-0.003759581029215999,0.1269391623811251,0.03343869544923525,0.08859577494171202,0.12794275354873721,1.0,0.14887792406846312,0.9904638871084551,0.9903993570021079
Idle_Std,0.014968964428127852,0.2422435192079087,0.0007552153702943427,0.0005159930064836543,0.03635930608381228,4.002566631042781e-05,0.19497784909748617,-0.029919930982897993,0.19327647828277214,0.20951098850432937,0.1598328387797436,-0.05449094296381918,0.15970867461470345,0.1671420976784665,-0.006402874951194411,-0.030400058107415626,0.13991528683514873,0.23605184716537525,0.2775473548803978,-0.0052992631371967264,0.2418556273519952,0.12888679050061339,0.27945319179321776,0.2835613638136174,-0.002773592511111231,0.1264596092506168,0.09081221858765212,0.16917717172472327,0.1811403768919992,0.03534768192464471,0.024120454117997386,,-0.0009155992974716115,,-0.018672697218190207,-0.018655641067280054,-0.02818250099449129,-0.01935970701821688,-0.06067804754974412,0.22028093069635446,0.15089125844302856,0.19961664436999377,0.1682408970346351,0.005744217994381909,0.024120454117997386,0.001181694969878475,-0.026878292257532306,0.0940813215748776,0.03043600461190813,-0.0009155992974716115,0.001181694969878475,-0.05092954751430131,0.1457246647612969,0.19327647828277214,0.15970867461470345,-0.018672697218190207,,,,,,,0.0007552153702943427,0.03635930608381228,0.0005159930064836543,3.992742360036286e-05,-0.022320421264802902,-0.018595322975841138,0.0011172856109832024,-0.018737345875878008,0.07588008270281021,0.08280597175855059,0.07309455867235924,0.039712829657726136,0.14887792406846312,1.0,0.2811976097610521,0.011546258379721744
Idle_Max,-0.10669753195744949,0.7781883429251845,0.0033269444503135335,0.002809968910981287,0.03386070946415051,0.0020240913637224757,0.20639705256542168,-0.07332634665511105,0.15250143701311794,0.20940564395919148,0.5807825500388035,-0.16170851543590067,0.5775460520579582,0.5537663884679916,-0.02088527716923563,-0.09916949669571357,0.5862189745579007,0.9354406924122195,0.9874399099331415,0.02885780076661675,0.7784864075252781,0.654945061918518,0.9154733331791435,0.9864181217280497,0.28337618791560854,0.45522035822631896,0.46620366762881615,0.5669683164587552,0.6631975000652698,0.30517774798304537,-0.019541194089863583,,-0.002986825304863268,,-0.005893172424717141,-0.005859828098285177,-0.09193556718367232,-0.06315380094542658,-0.16003491295387295,0.5981140775117134,0.5142085743136375,0.5589649031609588,0.40612019975814023,0.31144562104167156,-0.019541194089863583,-0.003593256267459688,-0.08499276561031197,0.14427485021432113,-0.0754323150695345,-0.002986825304863268,-0.003593256267459688,-0.09800993682378147,0.5005308587784961,0.15250143701311794,0.5775460520579582,-0.005893172424717141,,,,,,,0.0033269444503135335,0.03386070946415051,0.002809968910981287,0.002018635678541472,-0.0577256030774981,-0.06084306555548561,0.001216796376315527,-0.006126912501762513,0.1405754875425791,0.05271037108259952,0.10331304663349104,0.132415389287224,0.9904638871084551,0.2811976097610521,1.0,0.9623735038695526
Idle_Min,-0.1141989872996183,0.737099307392762,0.0031478135330620786,0.002704805464663285,0.024071237212207545,0.0020669567920790772,0.15964274853911287,-0.06734448088164771,0.10463441215826733,0.1592846899058439,0.5608403412276923,-0.15207749495901593,0.5578809616117983,0.5310191751366927,-0.019840020014851533,-0.09420701744908327,0.5707345368322283,0.90824135516321,0.950353512226927,0.031597072075028695,0.7375016249126488,0.6461141138605733,0.8755372257663493,0.947627448705323,0.2963761293980979,0.4322115054169746,0.45702650207663853,0.5407378921306676,0.637531605592284,0.306298294068423,-0.027506270604133343,,-0.002837363739913571,,-0.0009997177039937403,-0.0009704430568492763,-0.08733508129071463,-0.059993531432176034,-0.14832120158943832,0.5620494075854809,0.49377211352785066,0.5272329892710444,0.3772569310667101,0.3235508768277063,-0.027506270604133343,-0.004026437905692641,-0.08442318277886222,0.12559252462849038,-0.08614209805095559,-0.002837363739913571,-0.004026437905692641,-0.08642710962177066,0.4811066426643574,0.10463441215826733,0.5578809616117983,-0.0009997177039937403,,,,,,,0.0031478135330620786,0.024071237212207545,0.002704805464663285,0.0020613131169647694,-0.05637978993218226,-0.05817108691058547,0.000865855624604647,-0.0012195635262613276,0.11600681549928295,0.020364699521957935,0.07650765593033342,0.12262306118557585,0.9903993570021079,0.011546258379721744,0.9623735038695526,1.0
